"Variable","Control_mean","GPTBase_mean","GPTTutor_mean","Control_sd","GPTBase_sd","GPTTutor_sd","SMD_Base","SMD_Tutor"
"gpa_prev",0.822067556962025,0.817042273109244,0.80974579704797,0.107854568677676,0.107389759901223,0.116104900697695,-0.0466936543138444,-0.109961035981395
"female",0.4625,0.475206611570248,0.465703971119134,0.49937264718079,0.5004199052954,0.499725242354729,0.0254184821999443,0.00641372773012086
"n_weekday_study_hours",1.9153125,1.8504132231405,2.06480144404332,2.43427714757199,2.19791013400658,2.59228881162892,-0.0279845983670677,0.0594501848979975
"n_weekend_study_hours",3.089375,2.98884297520661,2.85090252707581,2.61560237492228,2.62588445959793,2.45863774167982,-0.0383600434518261,-0.0939484350026807
"private_tutorship",0.571875,0.65702479338843,0.631768953068592,0.495581970039481,0.475687132835641,0.483197506700801,0.175300409991618,0.122375183848768
"chatgpt_use",1.171875,1.45454545454545,1.23826714801444,1.25888301363005,1.27210740954166,1.25437548441828,0.223364413799043,0.0528334361836287
