"Outcome","Coefficient","Estimate","SE","CI_lower","CI_upper","p_value"
"Assisted (Part 2)","GPT Base",0.137017695657194,0.0309848853750104,0.0762873203221738,0.197748070992215,2.73290583215487e-14
"Assisted (Part 2)","GPT Tutor",0.361280852686885,0.0317286407389587,0.299092716838526,0.423468988535245,3.40144546519141e-151
"Assisted (Part 2)","Prior GPA",0.802265450215516,0.0763014774134784,0.652714554485098,0.951816345945933,4.19875211188932e-55
"Unassisted (Part 3)","GPT Base",-0.0543463376410339,0.0224384897188902,-0.0983257774900588,-0.0103668977920091,0.000192994545964016
"Unassisted (Part 3)","GPT Tutor",-0.00431775717392276,0.0133849836586439,-0.0305523251448649,0.0219168107970194,0.681971984241927
"Unassisted (Part 3)","Prior GPA",1.33420726338318,0.0692048087028603,1.19856583832557,1.46984868844079,4.7905890606786e-199
