"class_id","student_id","GPT_base","GPT_tutor","control","prev_gpa","beta_base_assisted","beta_tutor_assisted","beta_base_unassisted","beta_tutor_unassisted","scores_assisted","scores_unassisted"
1,1,1,0,0,0.843843034914993,0.169827032642512,0.356237945522643,-0.0664416916070017,-0.00589230693166921,0.41031903896655,0.281625991979522
1,2,1,0,0,0.760325817051023,0.169827032642512,0.356237945522643,-0.0664416916070017,-0.00589230693166921,0.434470546967734,0.229983411590956
1,3,1,0,0,0.918025910957956,0.169827032642512,0.356237945522643,-0.0664416916070017,-0.00589230693166921,0.479591108454402,0.291791711816119
1,4,1,0,0,0.885557863490622,0.169827032642512,0.356237945522643,-0.0664416916070017,-0.00589230693166921,0.494129991684582,0.192395461016382
1,5,1,0,0,0.999917980122427,0.169827032642512,0.356237945522643,-0.0664416916070017,-0.00589230693166921,0.457391095946514,0.24521151666322
1,6,1,0,0,0.895820298611169,0.169827032642512,0.356237945522643,-0.0664416916070017,-0.00589230693166921,0.469278354020997,0.29230143389241
1,7,1,0,0,0.679062870688873,0.169827032642512,0.356237945522643,-0.0664416916070017,-0.00589230693166921,0.487293658535298,0.32255836717194
1,8,1,0,0,0.79655410287938,0.169827032642512,0.356237945522643,-0.0664416916070017,-0.00589230693166921,0.411360651646266,0.247222278621537
1,9,1,0,0,0.882326494799835,0.169827032642512,0.356237945522643,-0.0664416916070017,-0.00589230693166921,0.480871535238615,0.280571106802207
1,10,1,0,0,0.821729139940503,0.169827032642512,0.356237945522643,-0.0664416916070017,-0.00589230693166921,0.472380159478677,0.259698653246852
1,11,1,0,0,0.862136307236887,0.169827032642512,0.356237945522643,-0.0664416916070017,-0.00589230693166921,0.416690011462683,0.24474184168914
1,12,1,0,0,0.815034917249536,0.169827032642512,0.356237945522643,-0.0664416916070017,-0.00589230693166921,0.453886076787002,0.266790880529119
1,13,1,0,0,0.823778709813669,0.169827032642512,0.356237945522643,-0.0664416916070017,-0.00589230693166921,0.418807173483843,0.13677009725306
1,14,1,0,0,0.838592945164014,0.169827032642512,0.356237945522643,-0.0664416916070017,-0.00589230693166921,0.366699814682126,0.257251014982954
1,15,1,0,0,0.948152952293044,0.169827032642512,0.356237945522643,-0.0664416916070017,-0.00589230693166921,0.427217654908246,0.270169301750722
1,16,1,0,0,0.81513756030227,0.169827032642512,0.356237945522643,-0.0664416916070017,-0.00589230693166921,0.492183502349743,0.328425213769362
1,17,1,0,0,0.80895947131555,0.169827032642512,0.356237945522643,-0.0664416916070017,-0.00589230693166921,0.463463572390028,0.189579587085915
1,18,1,0,0,0.788821097423905,0.169827032642512,0.356237945522643,-0.0664416916070017,-0.00589230693166921,0.463664342030428,0.307057829329092
1,19,1,0,0,0.989489647895808,0.169827032642512,0.356237945522643,-0.0664416916070017,-0.00589230693166921,0.409357643769724,0.259620433303611
1,20,1,0,0,0.838168592168091,0.169827032642512,0.356237945522643,-0.0664416916070017,-0.00589230693166921,0.434115513006231,0.321631603567131
2,21,0,1,0,0.963838459628003,0.169988277098825,0.346043431582823,-0.0555020744786739,-0.0222481440609675,0.591445581845778,0.339236203255815
2,22,0,1,0,0.961708256571374,0.169988277098825,0.346043431582823,-0.0555020744786739,-0.0222481440609675,0.639991186806703,0.202880725053821
2,23,0,1,0,0.885218663471283,0.169988277098825,0.346043431582823,-0.0555020744786739,-0.0222481440609675,0.625932442997081,0.223594529315236
2,24,0,1,0,0.788876194724551,0.169988277098825,0.346043431582823,-0.0555020744786739,-0.0222481440609675,0.610304385425755,0.351215972747998
2,25,0,1,0,0.958147242815984,0.169988277098825,0.346043431582823,-0.0555020744786739,-0.0222481440609675,0.58930003463719,0.301774130024519
2,26,0,1,0,0.920082306635149,0.169988277098825,0.346043431582823,-0.0555020744786739,-0.0222481440609675,0.632684170000927,0.241416529314079
2,27,0,1,0,0.717916908441821,0.169988277098825,0.346043431582823,-0.0555020744786739,-0.0222481440609675,0.723778857023781,0.318295332519837
2,28,0,1,0,0.956419892180346,0.169988277098825,0.346043431582823,-0.0555020744786739,-0.0222481440609675,0.580165870536215,0.335558788260918
2,29,0,1,0,0.836881059751009,0.169988277098825,0.346043431582823,-0.0555020744786739,-0.0222481440609675,0.746849149831581,0.274705248524353
2,30,0,1,0,0.935712583688857,0.169988277098825,0.346043431582823,-0.0555020744786739,-0.0222481440609675,0.66285053652416,0.309561612463218
2,31,0,1,0,0.737036766590073,0.169988277098825,0.346043431582823,-0.0555020744786739,-0.0222481440609675,0.582306939559839,0.307699991056001
2,32,0,1,0,0.656959196838365,0.169988277098825,0.346043431582823,-0.0555020744786739,-0.0222481440609675,0.648791078015924,0.256393059988831
2,33,0,1,0,0.914724505974749,0.169988277098825,0.346043431582823,-0.0555020744786739,-0.0222481440609675,0.565782567885255,0.289702893976805
2,34,0,1,0,0.77550281861673,0.169988277098825,0.346043431582823,-0.0555020744786739,-0.0222481440609675,0.619464582348603,0.220835969397052
2,35,0,1,0,0.794985404099902,0.169988277098825,0.346043431582823,-0.0555020744786739,-0.0222481440609675,0.657093582468291,0.305090355421728
2,36,0,1,0,0.922750578794874,0.169988277098825,0.346043431582823,-0.0555020744786739,-0.0222481440609675,0.517141271163087,0.323234097647645
2,37,0,1,0,0.768751453222995,0.169988277098825,0.346043431582823,-0.0555020744786739,-0.0222481440609675,0.681591169659167,0.250318410872471
2,38,0,1,0,0.749870215157276,0.169988277098825,0.346043431582823,-0.0555020744786739,-0.0222481440609675,0.635212666746942,0.262663454172607
2,39,0,1,0,0.967807948881931,0.169988277098825,0.346043431582823,-0.0555020744786739,-0.0222481440609675,0.580170192805707,0.329891187407636
2,40,0,1,0,0.839968892305773,0.169988277098825,0.346043431582823,-0.0555020744786739,-0.0222481440609675,0.63228194761882,0.327905326800294
3,41,0,1,0,0.962176357005886,0.116620271368702,0.397343715947857,-0.0591781352296754,0.0177984888061577,0.690644113992459,0.371441253361935
3,42,0,1,0,0.634314656654873,0.116620271368702,0.397343715947857,-0.0591781352296754,0.0177984888061577,0.614102290559771,0.365238436076636
3,43,0,1,0,0.729690706460595,0.116620271368702,0.397343715947857,-0.0591781352296754,0.0177984888061577,0.692096177171648,0.398004440863585
3,44,0,1,0,0.725163924149026,0.116620271368702,0.397343715947857,-0.0591781352296754,0.0177984888061577,0.746055069063951,0.329272779547291
3,45,0,1,0,0.830872805805175,0.116620271368702,0.397343715947857,-0.0591781352296754,0.0177984888061577,0.687672380008078,0.253907700994307
3,46,0,1,0,0.77867793413818,0.116620271368702,0.397343715947857,-0.0591781352296754,0.0177984888061577,0.731064224144359,0.343924986354538
3,47,0,1,0,0.899629457081268,0.116620271368702,0.397343715947857,-0.0591781352296754,0.0177984888061577,0.751941340760299,0.404026766677976
3,48,0,1,0,0.622287977957021,0.116620271368702,0.397343715947857,-0.0591781352296754,0.0177984888061577,0.696417189800348,0.314764059898645
3,49,0,1,0,0.746988254426615,0.116620271368702,0.397343715947857,-0.0591781352296754,0.0177984888061577,0.632725101430873,0.266284723319168
3,50,0,1,0,0.75139008623979,0.116620271368702,0.397343715947857,-0.0591781352296754,0.0177984888061577,0.681333558169373,0.32402420127915
3,51,0,1,0,0.811240432497802,0.116620271368702,0.397343715947857,-0.0591781352296754,0.0177984888061577,0.705530967018956,0.357471980382453
3,52,0,1,0,0.867918723911235,0.116620271368702,0.397343715947857,-0.0591781352296754,0.0177984888061577,0.646556849581273,0.333767218347923
3,53,0,1,0,0.754356546023996,0.116620271368702,0.397343715947857,-0.0591781352296754,0.0177984888061577,0.69634547748698,0.330527162212984
3,54,0,1,0,0.759224206723014,0.116620271368702,0.397343715947857,-0.0591781352296754,0.0177984888061577,0.643211253972283,0.425513447990427
3,55,0,1,0,0.896556329707122,0.116620271368702,0.397343715947857,-0.0591781352296754,0.0177984888061577,0.749247196600659,0.364376312263133
3,56,0,1,0,0.802876963893122,0.116620271368702,0.397343715947857,-0.0591781352296754,0.0177984888061577,0.54964397951233,0.301978647600287
3,57,0,1,0,0.96837880147175,0.116620271368702,0.397343715947857,-0.0591781352296754,0.0177984888061577,0.635493126516246,0.33677149028024
3,58,0,1,0,0.702462462246455,0.116620271368702,0.397343715947857,-0.0591781352296754,0.0177984888061577,0.734785332037537,0.403676202548631
3,59,0,1,0,0.937089582148454,0.116620271368702,0.397343715947857,-0.0591781352296754,0.0177984888061577,0.763403900405921,0.4197228819413
3,60,0,1,0,0.675600605900877,0.116620271368702,0.397343715947857,-0.0591781352296754,0.0177984888061577,0.665807517014173,0.291094886289701
4,61,0,0,1,0.834452131172895,0.136581224087444,0.369446707064261,-0.0743533729904658,-0.00728444239735268,0.275724107485256,0.32960034841506
4,62,0,0,1,0.794514270619357,0.136581224087444,0.369446707064261,-0.0743533729904658,-0.00728444239735268,0.223614952681933,0.38350360116971
4,63,0,0,1,0.77629089247292,0.136581224087444,0.369446707064261,-0.0743533729904658,-0.00728444239735268,0.241341344380518,0.342011534939652
4,64,0,0,1,0.917837529050951,0.136581224087444,0.369446707064261,-0.0743533729904658,-0.00728444239735268,0.355428407877691,0.297567761802541
4,65,0,0,1,0.87787859434464,0.136581224087444,0.369446707064261,-0.0743533729904658,-0.00728444239735268,0.266929714654075,0.269081065900073
4,66,0,0,1,0.801159943274112,0.136581224087444,0.369446707064261,-0.0743533729904658,-0.00728444239735268,0.245721431656596,0.315682586233701
4,67,0,0,1,0.837454458718758,0.136581224087444,0.369446707064261,-0.0743533729904658,-0.00728444239735268,0.305398659798758,0.328402288510961
4,68,0,0,1,0.766576842721033,0.136581224087444,0.369446707064261,-0.0743533729904658,-0.00728444239735268,0.169997393312243,0.282964382748651
4,69,0,0,1,0.714520331750087,0.136581224087444,0.369446707064261,-0.0743533729904658,-0.00728444239735268,0.35043237483287,0.281599658416282
4,70,0,0,1,0.839856902131776,0.136581224087444,0.369446707064261,-0.0743533729904658,-0.00728444239735268,0.234869650604755,0.400517439109151
4,71,0,0,1,0.899390771110081,0.136581224087444,0.369446707064261,-0.0743533729904658,-0.00728444239735268,0.278445460114117,0.212857583473
4,72,0,0,1,0.779350547406712,0.136581224087444,0.369446707064261,-0.0743533729904658,-0.00728444239735268,0.268743688341556,0.371446033564219
4,73,0,0,1,0.846129214379362,0.136581224087444,0.369446707064261,-0.0743533729904658,-0.00728444239735268,0.21514243617737,0.394296436530417
4,74,0,0,1,0.746748567634359,0.136581224087444,0.369446707064261,-0.0743533729904658,-0.00728444239735268,0.213975566651388,0.253072314511106
4,75,0,0,1,0.732351173917297,0.136581224087444,0.369446707064261,-0.0743533729904658,-0.00728444239735268,0.304216449384575,0.248437177513649
4,76,0,0,1,0.814313337555748,0.136581224087444,0.369446707064261,-0.0743533729904658,-0.00728444239735268,0.337986298086174,0.267560113927468
4,77,0,0,1,0.961562116662726,0.136581224087444,0.369446707064261,-0.0743533729904658,-0.00728444239735268,0.307783777659574,0.228630446458852
4,78,0,0,1,0.796443537098777,0.136581224087444,0.369446707064261,-0.0743533729904658,-0.00728444239735268,0.332130902788281,0.325054129893593
4,79,0,0,1,0.756777998926846,0.136581224087444,0.369446707064261,-0.0743533729904658,-0.00728444239735268,0.318418425999129,0.420531871960276
4,80,0,0,1,0.658220025127844,0.136581224087444,0.369446707064261,-0.0743533729904658,-0.00728444239735268,0.28530976236995,0.353068634743263
5,81,1,0,0,0.706398772389525,0.176675810671743,0.321526788583315,-0.00707415113779438,-0.0135343217166735,0.441746739810469,0.242190565574399
5,82,1,0,0,0.676282265923636,0.176675810671743,0.321526788583315,-0.00707415113779438,-0.0135343217166735,0.481310434065404,0.392372663176991
5,83,1,0,0,0.727792235194894,0.176675810671743,0.321526788583315,-0.00707415113779438,-0.0135343217166735,0.560268645943942,0.253105447535912
5,84,1,0,0,0.695628095087274,0.176675810671743,0.321526788583315,-0.00707415113779438,-0.0135343217166735,0.526558147267705,0.312831488773349
5,85,1,0,0,0.860562299281132,0.176675810671743,0.321526788583315,-0.00707415113779438,-0.0135343217166735,0.441360319721864,0.306048641600753
5,86,1,0,0,0.797801667763603,0.176675810671743,0.321526788583315,-0.00707415113779438,-0.0135343217166735,0.498429531538991,0.341501759758069
5,87,1,0,0,0.679457410694952,0.176675810671743,0.321526788583315,-0.00707415113779438,-0.0135343217166735,0.442840134042916,0.409803937547731
5,88,1,0,0,0.732218627126457,0.176675810671743,0.321526788583315,-0.00707415113779438,-0.0135343217166735,0.493525231429874,0.356069481047544
5,89,1,0,0,0.83749906652406,0.176675810671743,0.321526788583315,-0.00707415113779438,-0.0135343217166735,0.530874481628155,0.312003071433742
5,90,1,0,0,0.88762773964578,0.176675810671743,0.321526788583315,-0.00707415113779438,-0.0135343217166735,0.477912982028601,0.311943929937807
5,91,1,0,0,0.895674275862505,0.176675810671743,0.321526788583315,-0.00707415113779438,-0.0135343217166735,0.459326494551721,0.313162539908104
5,92,1,0,0,0.814824388783814,0.176675810671743,0.321526788583315,-0.00707415113779438,-0.0135343217166735,0.442194362400591,0.249634395677572
5,93,1,0,0,0.756467740992091,0.176675810671743,0.321526788583315,-0.00707415113779438,-0.0135343217166735,0.376441967911618,0.257529305678706
5,94,1,0,0,0.926532704772103,0.176675810671743,0.321526788583315,-0.00707415113779438,-0.0135343217166735,0.354869788917907,0.361439808204848
5,95,1,0,0,0.789471080979144,0.176675810671743,0.321526788583315,-0.00707415113779438,-0.0135343217166735,0.441429603248585,0.321349635431889
5,96,1,0,0,0.895328212958022,0.176675810671743,0.321526788583315,-0.00707415113779438,-0.0135343217166735,0.531831213771755,0.25319996769709
5,97,1,0,0,0.807337513950444,0.176675810671743,0.321526788583315,-0.00707415113779438,-0.0135343217166735,0.484306893819385,0.406001909827719
5,98,1,0,0,0.780787730219967,0.176675810671743,0.321526788583315,-0.00707415113779438,-0.0135343217166735,0.437460915236378,0.270820975856191
5,99,1,0,0,0.808365123159704,0.176675810671743,0.321526788583315,-0.00707415113779438,-0.0135343217166735,0.464954398531942,0.356629592802717
5,100,1,0,0,0.824937106909396,0.176675810671743,0.321526788583315,-0.00707415113779438,-0.0135343217166735,0.471993823913245,0.362138135435512
6,101,0,1,0,0.630120944481299,0.112518653015091,0.384590372562865,-0.0804044603072984,0.0195467479624878,0.682852584742681,0.291239471470173
6,102,0,1,0,0.991136572234166,0.112518653015091,0.384590372562865,-0.0804044603072984,0.0195467479624878,0.676403064505656,0.309874592118843
6,103,0,1,0,0.905405396090576,0.112518653015091,0.384590372562865,-0.0804044603072984,0.0195467479624878,0.622926901418022,0.274670219971422
6,104,0,1,0,0.699164174037116,0.112518653015091,0.384590372562865,-0.0804044603072984,0.0195467479624878,0.584096005847947,0.380814080609053
6,105,0,1,0,0.629917827099359,0.112518653015091,0.384590372562865,-0.0804044603072984,0.0195467479624878,0.610847305182793,0.33784444697337
6,106,0,1,0,0.867040204701258,0.112518653015091,0.384590372562865,-0.0804044603072984,0.0195467479624878,0.65448161460032,0.292093798199286
6,107,0,1,0,0.901902110976818,0.112518653015091,0.384590372562865,-0.0804044603072984,0.0195467479624878,0.773078000134771,0.316514368641998
6,108,0,1,0,0.915174287671594,0.112518653015091,0.384590372562865,-0.0804044603072984,0.0195467479624878,0.703687073567886,0.290089045045477
6,109,0,1,0,0.853586169106168,0.112518653015091,0.384590372562865,-0.0804044603072984,0.0195467479624878,0.689470910941004,0.392033898069156
6,110,0,1,0,0.807457492962781,0.112518653015091,0.384590372562865,-0.0804044603072984,0.0195467479624878,0.579657243822141,0.232438729925452
6,111,0,1,0,0.866601746427315,0.112518653015091,0.384590372562865,-0.0804044603072984,0.0195467479624878,0.774522892049864,0.318245968237396
6,112,0,1,0,0.732251934451245,0.112518653015091,0.384590372562865,-0.0804044603072984,0.0195467479624878,0.661982805259351,0.299009516444028
6,113,0,1,0,0.753538302569326,0.112518653015091,0.384590372562865,-0.0804044603072984,0.0195467479624878,0.731799159617106,0.295044873048131
6,114,0,1,0,0.741245689442208,0.112518653015091,0.384590372562865,-0.0804044603072984,0.0195467479624878,0.640554582642588,0.373206279142005
6,115,0,1,0,0.805344082659513,0.112518653015091,0.384590372562865,-0.0804044603072984,0.0195467479624878,0.620594539620252,0.325081700087837
6,116,0,1,0,0.710025843112506,0.112518653015091,0.384590372562865,-0.0804044603072984,0.0195467479624878,0.687805884231154,0.359244517572087
6,117,0,1,0,0.782887272477571,0.112518653015091,0.384590372562865,-0.0804044603072984,0.0195467479624878,0.652693783066941,0.363082187282866
6,118,0,1,0,0.927059731753004,0.112518653015091,0.384590372562865,-0.0804044603072984,0.0195467479624878,0.689197485554277,0.39936756099112
6,119,0,1,0,0.92866107239498,0.112518653015091,0.384590372562865,-0.0804044603072984,0.0195467479624878,0.715459535210235,0.273449658827925
6,120,0,1,0,0.71646177306209,0.112518653015091,0.384590372562865,-0.0804044603072984,0.0195467479624878,0.725881902271109,0.439689329566677
7,121,0,1,0,0.858410415329529,0.105170312058653,0.375372599261451,-0.0520441214252173,-0.00545516852035191,0.723977462742003,0.317449245755736
7,122,0,1,0,0.754613945014334,0.105170312058653,0.375372599261451,-0.0520441214252173,-0.00545516852035191,0.717561606728623,0.350198493911544
7,123,0,1,0,0.557953288552101,0.105170312058653,0.375372599261451,-0.0520441214252173,-0.00545516852035191,0.66129581209116,0.331160722754585
7,124,0,1,0,0.938582087108181,0.105170312058653,0.375372599261451,-0.0520441214252173,-0.00545516852035191,0.675243266141987,0.207077778461844
7,125,0,1,0,0.893506961552488,0.105170312058653,0.375372599261451,-0.0520441214252173,-0.00545516852035191,0.607607958417652,0.327464242366058
7,126,0,1,0,0.713891176659577,0.105170312058653,0.375372599261451,-0.0520441214252173,-0.00545516852035191,0.681044813412838,0.341818541503841
7,127,0,1,0,0.602723893494894,0.105170312058653,0.375372599261451,-0.0520441214252173,-0.00545516852035191,0.665422637809798,0.400097953977408
7,128,0,1,0,0.755674870919914,0.105170312058653,0.375372599261451,-0.0520441214252173,-0.00545516852035191,0.766597813711225,0.242962870373683
7,129,0,1,0,0.926620473982654,0.105170312058653,0.375372599261451,-0.0520441214252173,-0.00545516852035191,0.618527981918672,0.334470117237838
7,130,0,1,0,0.880752155853242,0.105170312058653,0.375372599261451,-0.0520441214252173,-0.00545516852035191,0.639431059134627,0.283033706970224
7,131,0,1,0,0.810962894921472,0.105170312058653,0.375372599261451,-0.0520441214252173,-0.00545516852035191,0.689089915939433,0.312150965718226
7,132,0,1,0,0.635561486571581,0.105170312058653,0.375372599261451,-0.0520441214252173,-0.00545516852035191,0.594066744042523,0.312402913462116
7,133,0,1,0,0.953386816971979,0.105170312058653,0.375372599261451,-0.0520441214252173,-0.00545516852035191,0.714076431680816,0.271561957651978
7,134,0,1,0,0.930054985807666,0.105170312058653,0.375372599261451,-0.0520441214252173,-0.00545516852035191,0.735083474153357,0.289743390365687
7,135,0,1,0,0.899126188986731,0.105170312058653,0.375372599261451,-0.0520441214252173,-0.00545516852035191,0.644938947041129,0.333075651577286
7,136,0,1,0,0.727119943275342,0.105170312058653,0.375372599261451,-0.0520441214252173,-0.00545516852035191,0.533595260755831,0.365029251617796
7,137,0,1,0,0.888418392938216,0.105170312058653,0.375372599261451,-0.0520441214252173,-0.00545516852035191,0.708159636722997,0.261927406133785
7,138,0,1,0,0.740512484161325,0.105170312058653,0.375372599261451,-0.0520441214252173,-0.00545516852035191,0.746078463624723,0.3065022915101
7,139,0,1,0,0.770557351234968,0.105170312058653,0.375372599261451,-0.0520441214252173,-0.00545516852035191,0.644455005838198,0.2905354444058
7,140,0,1,0,0.688494334492423,0.105170312058653,0.375372599261451,-0.0520441214252173,-0.00545516852035191,0.670807165053528,0.286403982029816
8,141,1,0,0,0.862951959931853,0.127705523964122,0.393251717503519,-0.0338796152447493,0.0124086175233666,0.359042115337752,0.298120779991523
8,142,1,0,0,0.763198569309977,0.127705523964122,0.393251717503519,-0.0338796152447493,0.0124086175233666,0.416350795542714,0.344033473703359
8,143,1,0,0,0.920085587572947,0.127705523964122,0.393251717503519,-0.0338796152447493,0.0124086175233666,0.455317580435056,0.340419909640776
8,144,1,0,0,0.916468311825454,0.127705523964122,0.393251717503519,-0.0338796152447493,0.0124086175233666,0.389210522271017,0.247154737936648
8,145,1,0,0,0.730218460914094,0.127705523964122,0.393251717503519,-0.0338796152447493,0.0124086175233666,0.31037016863118,0.268188977103844
8,146,1,0,0,0.989322259688692,0.127705523964122,0.393251717503519,-0.0338796152447493,0.0124086175233666,0.457528281805492,0.298714321313655
8,147,1,0,0,0.971197828717016,0.127705523964122,0.393251717503519,-0.0338796152447493,0.0124086175233666,0.495509771899426,0.346554484681719
8,148,1,0,0,0.766842641771759,0.127705523964122,0.393251717503519,-0.0338796152447493,0.0124086175233666,0.395907291156888,0.386678348287893
8,149,1,0,0,0.880538494537279,0.127705523964122,0.393251717503519,-0.0338796152447493,0.0124086175233666,0.411374510240146,0.344440970371466
8,150,1,0,0,0.725689777069226,0.127705523964122,0.393251717503519,-0.0338796152447493,0.0124086175233666,0.426498234576037,0.327543817007562
8,151,1,0,0,0.742234249721028,0.127705523964122,0.393251717503519,-0.0338796152447493,0.0124086175233666,0.432279325721358,0.247105442265847
8,152,1,0,0,0.589321471322773,0.127705523964122,0.393251717503519,-0.0338796152447493,0.0124086175233666,0.43799188442371,0.316497772095194
8,153,1,0,0,0.940938043023566,0.127705523964122,0.393251717503519,-0.0338796152447493,0.0124086175233666,0.353193549593968,0.291284205433634
8,154,1,0,0,0.857623749795452,0.127705523964122,0.393251717503519,-0.0338796152447493,0.0124086175233666,0.380603022180605,0.220202501799576
8,155,1,0,0,0.873991242845888,0.127705523964122,0.393251717503519,-0.0338796152447493,0.0124086175233666,0.444574777417744,0.424764522338944
8,156,1,0,0,0.717480107143403,0.127705523964122,0.393251717503519,-0.0338796152447493,0.0124086175233666,0.409847789893007,0.238957964662069
8,157,1,0,0,0.662931881771245,0.127705523964122,0.393251717503519,-0.0338796152447493,0.0124086175233666,0.388837796868742,0.386310631603358
8,158,1,0,0,0.927334160406828,0.127705523964122,0.393251717503519,-0.0338796152447493,0.0124086175233666,0.407051372969422,0.204005280809783
8,159,1,0,0,0.649902469345227,0.127705523964122,0.393251717503519,-0.0338796152447493,0.0124086175233666,0.393631449164028,0.239119887280145
8,160,1,0,0,0.821947382714096,0.127705523964122,0.393251717503519,-0.0338796152447493,0.0124086175233666,0.398653470196664,0.303029162953218
9,161,0,1,0,0.734781085865586,0.188331287660135,0.347101640970283,-0.0622858255060361,0.0072990382425268,0.662126547626197,0.353596767038397
9,162,0,1,0,0.794772348403282,0.188331287660135,0.347101640970283,-0.0622858255060361,0.0072990382425268,0.646369076754618,0.258935907377679
9,163,0,1,0,0.78981796851709,0.188331287660135,0.347101640970283,-0.0622858255060361,0.0072990382425268,0.6381625275129,0.295407628485221
9,164,0,1,0,0.767407581069668,0.188331287660135,0.347101640970283,-0.0622858255060361,0.0072990382425268,0.622614717731891,0.385508994870462
9,165,0,1,0,0.754576086169208,0.188331287660135,0.347101640970283,-0.0622858255060361,0.0072990382425268,0.746548933145827,0.339511751037547
9,166,0,1,0,0.57162679612688,0.188331287660135,0.347101640970283,-0.0622858255060361,0.0072990382425268,0.648518489412788,0.269456268055382
9,167,0,1,0,0.827951975286338,0.188331287660135,0.347101640970283,-0.0622858255060361,0.0072990382425268,0.603864351218514,0.240842089020222
9,168,0,1,0,0.771597349750907,0.188331287660135,0.347101640970283,-0.0622858255060361,0.0072990382425268,0.65101127872102,0.306103283866304
9,169,0,1,0,0.888923073184709,0.188331287660135,0.347101640970283,-0.0622858255060361,0.0072990382425268,0.606126615482402,0.312695696130882
9,170,0,1,0,0.732022433461885,0.188331287660135,0.347101640970283,-0.0622858255060361,0.0072990382425268,0.683689722097863,0.253776461284055
9,171,0,1,0,0.695921537554498,0.188331287660135,0.347101640970283,-0.0622858255060361,0.0072990382425268,0.719587430304039,0.391567121391522
9,172,0,1,0,0.707248234120776,0.188331287660135,0.347101640970283,-0.0622858255060361,0.0072990382425268,0.647782169341695,0.294690862637943
9,173,0,1,0,0.827817890244747,0.188331287660135,0.347101640970283,-0.0622858255060361,0.0072990382425268,0.63840552961958,0.34065380708981
9,174,0,1,0,0.861988227781078,0.188331287660135,0.347101640970283,-0.0622858255060361,0.0072990382425268,0.625438097420291,0.294973309530649
9,175,0,1,0,0.641515285075471,0.188331287660135,0.347101640970283,-0.0622858255060361,0.0072990382425268,0.664376797349833,0.303383168878912
9,176,0,1,0,0.741220291699684,0.188331287660135,0.347101640970283,-0.0622858255060361,0.0072990382425268,0.558437440159015,0.21514077929431
9,177,0,1,0,0.86185056357963,0.188331287660135,0.347101640970283,-0.0622858255060361,0.0072990382425268,0.603711428780952,0.309046095636133
9,178,0,1,0,0.868492713214161,0.188331287660135,0.347101640970283,-0.0622858255060361,0.0072990382425268,0.627385538027244,0.252232391852205
9,179,0,1,0,0.848305844417954,0.188331287660135,0.347101640970283,-0.0622858255060361,0.0072990382425268,0.679973796144564,0.29441349579143
9,180,0,1,0,0.800260660914374,0.188331287660135,0.347101640970283,-0.0622858255060361,0.0072990382425268,0.592871613129778,0.303851262159943
10,181,1,0,0,0.744085955281402,0.0918012119610051,0.391251242355216,-0.0623059260648845,-0.0136073568940752,0.397879150959481,0.270590252074158
10,182,1,0,0,0.819953491728686,0.0918012119610051,0.391251242355216,-0.0623059260648845,-0.0136073568940752,0.424519555835024,0.207550435041777
10,183,1,0,0,0.882213898608906,0.0918012119610051,0.391251242355216,-0.0623059260648845,-0.0136073568940752,0.36820799813214,0.240594972098372
10,184,1,0,0,0.68703782892378,0.0918012119610051,0.391251242355216,-0.0623059260648845,-0.0136073568940752,0.353508925565705,0.189596388878572
10,185,1,0,0,0.781921172838452,0.0918012119610051,0.391251242355216,-0.0623059260648845,-0.0136073568940752,0.353263000085671,0.322652607076636
10,186,1,0,0,0.748478325113019,0.0918012119610051,0.391251242355216,-0.0623059260648845,-0.0136073568940752,0.309397083355302,0.143527342841121
10,187,1,0,0,0.722144916213639,0.0918012119610051,0.391251242355216,-0.0623059260648845,-0.0136073568940752,0.399364468175572,0.224668229201225
10,188,1,0,0,0.982473287603679,0.0918012119610051,0.391251242355216,-0.0623059260648845,-0.0136073568940752,0.421533109950234,0.252466094860402
10,189,1,0,0,0.688497734763338,0.0918012119610051,0.391251242355216,-0.0623059260648845,-0.0136073568940752,0.423612381766527,0.248409435927342
10,190,1,0,0,0.953620315815276,0.0918012119610051,0.391251242355216,-0.0623059260648845,-0.0136073568940752,0.34127233621691,0.211324528985064
10,191,1,0,0,0.649741970504483,0.0918012119610051,0.391251242355216,-0.0623059260648845,-0.0136073568940752,0.391245894408324,0.239944476766901
10,192,1,0,0,0.786752936426855,0.0918012119610051,0.391251242355216,-0.0623059260648845,-0.0136073568940752,0.316263239288346,0.242909143628993
10,193,1,0,0,0.934312848793995,0.0918012119610051,0.391251242355216,-0.0623059260648845,-0.0136073568940752,0.493250697797626,0.276186575185431
10,194,1,0,0,0.735537410185476,0.0918012119610051,0.391251242355216,-0.0623059260648845,-0.0136073568940752,0.281981561910707,0.24014251123269
10,195,1,0,0,0.987713983859815,0.0918012119610051,0.391251242355216,-0.0623059260648845,-0.0136073568940752,0.382978485962237,0.319856181212045
10,196,1,0,0,0.553570396199139,0.0918012119610051,0.391251242355216,-0.0623059260648845,-0.0136073568940752,0.409096382934958,0.373058208183497
10,197,1,0,0,0.881196114928179,0.0918012119610051,0.391251242355216,-0.0623059260648845,-0.0136073568940752,0.372383792455655,0.264197883847923
10,198,1,0,0,0.941608729783324,0.0918012119610051,0.391251242355216,-0.0623059260648845,-0.0136073568940752,0.390011272569799,0.326253420159989
10,199,1,0,0,0.83830804974882,0.0918012119610051,0.391251242355216,-0.0623059260648845,-0.0136073568940752,0.322506894641133,0.223581528183018
10,200,1,0,0,0.795199147302134,0.0918012119610051,0.391251242355216,-0.0623059260648845,-0.0136073568940752,0.336462650878697,0.282062906296645
11,201,1,0,0,0.794874643609957,0.115622766798733,0.330972328140415,-0.0567162131413502,0.0136247985408649,0.403718742198851,0.212489115730704
11,202,1,0,0,0.792149185047155,0.115622766798733,0.330972328140415,-0.0567162131413502,0.0136247985408649,0.333592671748091,0.334209385034411
11,203,1,0,0,0.994150884432904,0.115622766798733,0.330972328140415,-0.0567162131413502,0.0136247985408649,0.417613855317918,0.289572189535822
11,204,1,0,0,0.705315018011222,0.115622766798733,0.330972328140415,-0.0567162131413502,0.0136247985408649,0.421520933456888,0.306425547173059
11,205,1,0,0,0.819077385958491,0.115622766798733,0.330972328140415,-0.0567162131413502,0.0136247985408649,0.494802699029196,0.320265767306878
11,206,1,0,0,0.67325033176559,0.115622766798733,0.330972328140415,-0.0567162131413502,0.0136247985408649,0.462952631614295,0.26370317009776
11,207,1,0,0,0.836118963213939,0.115622766798733,0.330972328140415,-0.0567162131413502,0.0136247985408649,0.436021019110036,0.280884332611782
11,208,1,0,0,0.733339423370288,0.115622766798733,0.330972328140415,-0.0567162131413502,0.0136247985408649,0.406914182771637,0.300691162228697
11,209,1,0,0,0.788210264162064,0.115622766798733,0.330972328140415,-0.0567162131413502,0.0136247985408649,0.397727906253071,0.228192064781737
11,210,1,0,0,0.893352323011566,0.115622766798733,0.330972328140415,-0.0567162131413502,0.0136247985408649,0.335830360854602,0.220293083786212
11,211,1,0,0,0.804970565796452,0.115622766798733,0.330972328140415,-0.0567162131413502,0.0136247985408649,0.383463764109836,0.391109087003149
11,212,1,0,0,0.844649823848726,0.115622766798733,0.330972328140415,-0.0567162131413502,0.0136247985408649,0.361480375855948,0.291200339093138
11,213,1,0,0,0.942892733383529,0.115622766798733,0.330972328140415,-0.0567162131413502,0.0136247985408649,0.371860833378587,0.280301597747208
11,214,1,0,0,0.661765616266913,0.115622766798733,0.330972328140415,-0.0567162131413502,0.0136247985408649,0.364424390645987,0.253479515204719
11,215,1,0,0,0.88978022972931,0.115622766798733,0.330972328140415,-0.0567162131413502,0.0136247985408649,0.409691717647577,0.234461313722423
11,216,1,0,0,0.765088571602358,0.115622766798733,0.330972328140415,-0.0567162131413502,0.0136247985408649,0.378012695404936,0.19586683638265
11,217,1,0,0,0.94388996812391,0.115622766798733,0.330972328140415,-0.0567162131413502,0.0136247985408649,0.528228651998998,0.27573684655705
11,218,1,0,0,0.808979684425396,0.115622766798733,0.330972328140415,-0.0567162131413502,0.0136247985408649,0.335482553888165,0.305167129934211
11,219,1,0,0,0.697917378231766,0.115622766798733,0.330972328140415,-0.0567162131413502,0.0136247985408649,0.37301508112375,0.267765067034424
11,220,1,0,0,0.892371668813952,0.115622766798733,0.330972328140415,-0.0567162131413502,0.0136247985408649,0.378869078580969,0.230040844294235
12,221,0,0,1,0.815237438431452,0.158689222363806,0.34672648684764,-0.0442562256318395,0.00208701349637758,0.361321747016277,0.296839313883591
12,222,0,0,1,0.889122814750783,0.158689222363806,0.34672648684764,-0.0442562256318395,0.00208701349637758,0.220743555122579,0.378318068851545
12,223,0,0,1,0.716948786621308,0.158689222363806,0.34672648684764,-0.0442562256318395,0.00208701349637758,0.23020296681775,0.321950019786282
12,224,0,0,1,0.780687825433126,0.158689222363806,0.34672648684764,-0.0442562256318395,0.00208701349637758,0.299084892100354,0.360219027686104
12,225,0,0,1,0.815041979027505,0.158689222363806,0.34672648684764,-0.0442562256318395,0.00208701349637758,0.258718933728804,0.339927339187877
12,226,0,0,1,0.781714075360579,0.158689222363806,0.34672648684764,-0.0442562256318395,0.00208701349637758,0.263952357585431,0.284423231525775
12,227,0,0,1,0.780512870413324,0.158689222363806,0.34672648684764,-0.0442562256318395,0.00208701349637758,0.277975404073322,0.319670255465976
12,228,0,0,1,0.863517676985395,0.158689222363806,0.34672648684764,-0.0442562256318395,0.00208701349637758,0.289587485194936,0.287082284853147
12,229,0,0,1,0.711766142509907,0.158689222363806,0.34672648684764,-0.0442562256318395,0.00208701349637758,0.316685174441523,0.301946815149031
12,230,0,0,1,0.817502938165194,0.158689222363806,0.34672648684764,-0.0442562256318395,0.00208701349637758,0.278380496501884,0.278383732584751
12,231,0,0,1,0.722699477438688,0.158689222363806,0.34672648684764,-0.0442562256318395,0.00208701349637758,0.2821801959221,0.337465567971203
12,232,0,0,1,0.873354448272339,0.158689222363806,0.34672648684764,-0.0442562256318395,0.00208701349637758,0.33858931752993,0.363932945095705
12,233,0,0,1,0.728531631450642,0.158689222363806,0.34672648684764,-0.0442562256318395,0.00208701349637758,0.255799478080251,0.431254798548206
12,234,0,0,1,0.949046590296413,0.158689222363806,0.34672648684764,-0.0442562256318395,0.00208701349637758,0.246971201328719,0.252245245145828
12,235,0,0,1,0.826711700984335,0.158689222363806,0.34672648684764,-0.0442562256318395,0.00208701349637758,0.246964876523215,0.361786736981784
12,236,0,0,1,0.837242898346751,0.158689222363806,0.34672648684764,-0.0442562256318395,0.00208701349637758,0.274652413695147,0.334844747359786
12,237,0,0,1,0.871579633116282,0.158689222363806,0.34672648684764,-0.0442562256318395,0.00208701349637758,0.277287427865858,0.401728510277548
12,238,0,0,1,0.8799676874945,0.158689222363806,0.34672648684764,-0.0442562256318395,0.00208701349637758,0.236892964775584,0.267463886340577
12,239,0,0,1,0.863516237936438,0.158689222363806,0.34672648684764,-0.0442562256318395,0.00208701349637758,0.266526393914199,0.28854275600906
12,240,0,0,1,0.718650032012285,0.158689222363806,0.34672648684764,-0.0442562256318395,0.00208701349637758,0.361842971431773,0.371408877617645
13,241,0,1,0,0.74557701279572,0.121874686083895,0.420129929527795,-0.062612124225265,-0.00576375601592993,0.708363358770121,0.350593838597459
13,242,0,1,0,0.606171516368513,0.121874686083895,0.420129929527795,-0.062612124225265,-0.00576375601592993,0.655099031915352,0.320937100814931
13,243,0,1,0,0.833198147230895,0.121874686083895,0.420129929527795,-0.062612124225265,-0.00576375601592993,0.718834127771551,0.184787803122225
13,244,0,1,0,0.959268499675853,0.121874686083895,0.420129929527795,-0.062612124225265,-0.00576375601592993,0.719711471154506,0.378874060355385
13,245,0,1,0,0.699221451940673,0.121874686083895,0.420129929527795,-0.062612124225265,-0.00576375601592993,0.721568888532328,0.335888825492551
13,246,0,1,0,0.868169710407041,0.121874686083895,0.420129929527795,-0.062612124225265,-0.00576375601592993,0.698444986423485,0.380337360859924
13,247,0,1,0,0.887803234808086,0.121874686083895,0.420129929527795,-0.062612124225265,-0.00576375601592993,0.740900636766276,0.273974030905976
13,248,0,1,0,0.821965660651016,0.121874686083895,0.420129929527795,-0.062612124225265,-0.00576375601592993,0.677819086782327,0.285418533793091
13,249,0,1,0,0.683689206536644,0.121874686083895,0.420129929527795,-0.062612124225265,-0.00576375601592993,0.749837051354835,0.351614425510412
13,250,0,1,0,0.764535697649832,0.121874686083895,0.420129929527795,-0.062612124225265,-0.00576375601592993,0.682899975317115,0.241638639029394
13,251,0,1,0,0.964845984538988,0.121874686083895,0.420129929527795,-0.062612124225265,-0.00576375601592993,0.608540995476524,0.440799656340084
13,252,0,1,0,0.907387321017572,0.121874686083895,0.420129929527795,-0.062612124225265,-0.00576375601592993,0.669006707429508,0.325671971154161
13,253,0,1,0,0.873353759285693,0.121874686083895,0.420129929527795,-0.062612124225265,-0.00576375601592993,0.626532256475496,0.291234182311568
13,254,0,1,0,0.789012444663834,0.121874686083895,0.420129929527795,-0.062612124225265,-0.00576375601592993,0.69672682849603,0.323857884285379
13,255,0,1,0,0.841889502489801,0.121874686083895,0.420129929527795,-0.062612124225265,-0.00576375601592993,0.659456386054582,0.34470280206022
13,256,0,1,0,0.90912587429472,0.121874686083895,0.420129929527795,-0.062612124225265,-0.00576375601592993,0.787927931482841,0.33241245843864
13,257,0,1,0,0.806551555594208,0.121874686083895,0.420129929527795,-0.062612124225265,-0.00576375601592993,0.708636740128797,0.340741487852123
13,258,0,1,0,0.930849138668124,0.121874686083895,0.420129929527795,-0.062612124225265,-0.00576375601592993,0.7110790795988,0.309228225805177
13,259,0,1,0,0.876934035666032,0.121874686083895,0.420129929527795,-0.062612124225265,-0.00576375601592993,0.65219118798935,0.331314069725876
13,260,0,1,0,0.794703146893032,0.121874686083895,0.420129929527795,-0.062612124225265,-0.00576375601592993,0.703716410708878,0.351451082290881
14,261,1,0,0,0.801560284361733,0.143362319957085,0.380377347550812,-0.0717276272928925,-0.0010847936142486,0.482839674424045,0.278554651448011
14,262,1,0,0,0.547635420005474,0.143362319957085,0.380377347550812,-0.0717276272928925,-0.0010847936142486,0.40441695428398,0.241106180542604
14,263,1,0,0,0.753873035089398,0.143362319957085,0.380377347550812,-0.0717276272928925,-0.0010847936142486,0.444142129642378,0.278635138939628
14,264,1,0,0,0.823465947160143,0.143362319957085,0.380377347550812,-0.0717276272928925,-0.0010847936142486,0.487684037999276,0.273589669598253
14,265,1,0,0,0.954873704711505,0.143362319957085,0.380377347550812,-0.0717276272928925,-0.0010847936142486,0.347279372360772,0.329651520187607
14,266,1,0,0,0.743086370993175,0.143362319957085,0.380377347550812,-0.0717276272928925,-0.0010847936142486,0.465386396834619,0.2776544246055
14,267,1,0,0,0.654543633161597,0.143362319957085,0.380377347550812,-0.0717276272928925,-0.0010847936142486,0.384306603596463,0.192467262018635
14,268,1,0,0,0.79523008935727,0.143362319957085,0.380377347550812,-0.0717276272928925,-0.0010847936142486,0.426490948556859,0.270587216457723
14,269,1,0,0,0.819016964315372,0.143362319957085,0.380377347550812,-0.0717276272928925,-0.0010847936142486,0.452291469898255,0.188150527464167
14,270,1,0,0,0.657380218045639,0.143362319957085,0.380377347550812,-0.0717276272928925,-0.0010847936142486,0.522441522533638,0.245244463509082
14,271,1,0,0,0.616747618190832,0.143362319957085,0.380377347550812,-0.0717276272928925,-0.0010847936142486,0.471566419845655,0.260028651269139
14,272,1,0,0,0.726936610811546,0.143362319957085,0.380377347550812,-0.0717276272928925,-0.0010847936142486,0.351249195737195,0.304710519531029
14,273,1,0,0,0.958132250885278,0.143362319957085,0.380377347550812,-0.0717276272928925,-0.0010847936142486,0.47850987024876,0.314745257552491
14,274,1,0,0,0.671444784644853,0.143362319957085,0.380377347550812,-0.0717276272928925,-0.0010847936142486,0.422942096115446,0.354313079969094
14,275,1,0,0,0.85561966452483,0.143362319957085,0.380377347550812,-0.0717276272928925,-0.0010847936142486,0.421060001609925,0.186476392829677
14,276,1,0,0,0.833067452484957,0.143362319957085,0.380377347550812,-0.0717276272928925,-0.0010847936142486,0.438838742427044,0.300662058199035
14,277,1,0,0,0.89145778006771,0.143362319957085,0.380377347550812,-0.0717276272928925,-0.0010847936142486,0.394999993321504,0.173750838268002
14,278,1,0,0,0.894977948054642,0.143362319957085,0.380377347550812,-0.0717276272928925,-0.0010847936142486,0.366849094081265,0.267990034085123
14,279,1,0,0,0.85327774932414,0.143362319957085,0.380377347550812,-0.0717276272928925,-0.0010847936142486,0.444795174669198,0.263948423551101
14,280,1,0,0,0.746980828408466,0.143362319957085,0.380377347550812,-0.0717276272928925,-0.0010847936142486,0.49350918024588,0.176117931998564
15,281,1,0,0,0.826925144456566,0.153323778421954,0.387819791058127,-0.0454022546742636,0.00249017974362421,0.39129387150312,0.310636036935715
15,282,1,0,0,0.689357089325271,0.153323778421954,0.387819791058127,-0.0454022546742636,0.00249017974362421,0.460691379331236,0.218671706127539
15,283,1,0,0,0.773744626559154,0.153323778421954,0.387819791058127,-0.0454022546742636,0.00249017974362421,0.429916023010407,0.207891949404804
15,284,1,0,0,0.73776175066209,0.153323778421954,0.387819791058127,-0.0454022546742636,0.00249017974362421,0.470006432525147,0.252026413819993
15,285,1,0,0,0.806104001997754,0.153323778421954,0.387819791058127,-0.0454022546742636,0.00249017974362421,0.492779851496773,0.299323391644286
15,286,1,0,0,0.707946619404471,0.153323778421954,0.387819791058127,-0.0454022546742636,0.00249017974362421,0.375281375349889,0.217891450590717
15,287,1,0,0,0.507645863624405,0.153323778421954,0.387819791058127,-0.0454022546742636,0.00249017974362421,0.418048522590061,0.262969961411212
15,288,1,0,0,0.986261596156692,0.153323778421954,0.387819791058127,-0.0454022546742636,0.00249017974362421,0.387509212420968,0.272545133006263
15,289,1,0,0,0.978659002163531,0.153323778421954,0.387819791058127,-0.0454022546742636,0.00249017974362421,0.440454640458774,0.276423091959486
15,290,1,0,0,0.875590621201081,0.153323778421954,0.387819791058127,-0.0454022546742636,0.00249017974362421,0.452796924781108,0.215698829342205
15,291,1,0,0,0.736697742564802,0.153323778421954,0.387819791058127,-0.0454022546742636,0.00249017974362421,0.46633924261305,0.278978047875064
15,292,1,0,0,0.847416189317821,0.153323778421954,0.387819791058127,-0.0454022546742636,0.00249017974362421,0.542593584625836,0.266108825469835
15,293,1,0,0,0.785146214482949,0.153323778421954,0.387819791058127,-0.0454022546742636,0.00249017974362421,0.435230866956976,0.352651759861926
15,294,1,0,0,0.831321347922282,0.153323778421954,0.387819791058127,-0.0454022546742636,0.00249017974362421,0.457463127895527,0.344438590634088
15,295,1,0,0,0.796723053862907,0.153323778421954,0.387819791058127,-0.0454022546742636,0.00249017974362421,0.501481531284089,0.215594802246972
15,296,1,0,0,0.849759738849464,0.153323778421954,0.387819791058127,-0.0454022546742636,0.00249017974362421,0.412947870604989,0.374483668657341
15,297,1,0,0,0.786229971956094,0.153323778421954,0.387819791058127,-0.0454022546742636,0.00249017974362421,0.449476625410845,0.378913408429383
15,298,1,0,0,0.91788555895474,0.153323778421954,0.387819791058127,-0.0454022546742636,0.00249017974362421,0.380869624810737,0.233176669359112
15,299,1,0,0,0.862684782624753,0.153323778421954,0.387819791058127,-0.0454022546742636,0.00249017974362421,0.347734746972023,0.261005668827674
15,300,1,0,0,0.56981730213437,0.153323778421954,0.387819791058127,-0.0454022546742636,0.00249017974362421,0.551746878208951,0.263986623736659
16,301,1,0,0,0.759505314327986,0.147589865323728,0.314052848350293,-0.0959895942884912,-0.00911692465302344,0.398160658977408,0.174665129021144
16,302,1,0,0,0.856341802044474,0.147589865323728,0.314052848350293,-0.0959895942884912,-0.00911692465302344,0.432486389840077,0.265706616232888
16,303,1,0,0,0.754204090295929,0.147589865323728,0.314052848350293,-0.0959895942884912,-0.00911692465302344,0.451856431909545,0.272867986057698
16,304,1,0,0,0.681175131909511,0.147589865323728,0.314052848350293,-0.0959895942884912,-0.00911692465302344,0.507743834016072,0.250937464058061
16,305,1,0,0,0.903962824703301,0.147589865323728,0.314052848350293,-0.0959895942884912,-0.00911692465302344,0.410304223926052,0.20802709790284
16,306,1,0,0,0.912506110286501,0.147589865323728,0.314052848350293,-0.0959895942884912,-0.00911692465302344,0.482208776485808,0.176534835362467
16,307,1,0,0,0.83740475291774,0.147589865323728,0.314052848350293,-0.0959895942884912,-0.00911692465302344,0.376693185599051,0.260078942756274
16,308,1,0,0,0.935114792730397,0.147589865323728,0.314052848350293,-0.0959895942884912,-0.00911692465302344,0.449056642915154,0.174567644887028
16,309,1,0,0,0.748186209699889,0.147589865323728,0.314052848350293,-0.0959895942884912,-0.00911692465302344,0.443516853623907,0.269618543299362
16,310,1,0,0,0.714320804587919,0.147589865323728,0.314052848350293,-0.0959895942884912,-0.00911692465302344,0.524242464436218,0.268357609419565
16,311,1,0,0,0.797873674784536,0.147589865323728,0.314052848350293,-0.0959895942884912,-0.00911692465302344,0.492763400627323,0.248412720163396
16,312,1,0,0,0.896294333161728,0.147589865323728,0.314052848350293,-0.0959895942884912,-0.00911692465302344,0.429401238721449,0.23063268559463
16,313,1,0,0,0.710217045335162,0.147589865323728,0.314052848350293,-0.0959895942884912,-0.00911692465302344,0.501008545224478,0.212210722480564
16,314,1,0,0,0.71003995023935,0.147589865323728,0.314052848350293,-0.0959895942884912,-0.00911692465302344,0.423972670441004,0.219244516727637
16,315,1,0,0,0.780035365030683,0.147589865323728,0.314052848350293,-0.0959895942884912,-0.00911692465302344,0.405040869559917,0.234494189676295
16,316,1,0,0,0.93634331576058,0.147589865323728,0.314052848350293,-0.0959895942884912,-0.00911692465302344,0.330014892102978,0.270236506582567
16,317,1,0,0,0.938685398726604,0.147589865323728,0.314052848350293,-0.0959895942884912,-0.00911692465302344,0.447311887769911,0.234696138354669
16,318,1,0,0,0.956179659522928,0.147589865323728,0.314052848350293,-0.0959895942884912,-0.00911692465302344,0.436601979748932,0.197729509599529
16,319,1,0,0,0.913952365562929,0.147589865323728,0.314052848350293,-0.0959895942884912,-0.00911692465302344,0.471443259797864,0.281144476927089
16,320,1,0,0,0.730510722498918,0.147589865323728,0.314052848350293,-0.0959895942884912,-0.00911692465302344,0.358711246303609,0.299429773506523
17,321,0,1,0,0.779538142610792,0.124013536447668,0.353261031446586,-0.0388085612197806,-0.00206004525404295,0.649508048682149,0.370053707388491
17,322,0,1,0,0.942945207727653,0.124013536447668,0.353261031446586,-0.0388085612197806,-0.00206004525404295,0.650086911639209,0.429532890957093
17,323,0,1,0,0.832509923492506,0.124013536447668,0.353261031446586,-0.0388085612197806,-0.00206004525404295,0.597992917832405,0.220420695334249
17,324,0,1,0,0.771100461002589,0.124013536447668,0.353261031446586,-0.0388085612197806,-0.00206004525404295,0.645014151851889,0.400114133724466
17,325,0,1,0,0.66097081547582,0.124013536447668,0.353261031446586,-0.0388085612197806,-0.00206004525404295,0.695903515401216,0.374177239081616
17,326,0,1,0,0.77771113797121,0.124013536447668,0.353261031446586,-0.0388085612197806,-0.00206004525404295,0.716478155638187,0.345763279630167
17,327,0,1,0,0.885244102493207,0.124013536447668,0.353261031446586,-0.0388085612197806,-0.00206004525404295,0.719152140674691,0.326051032808409
17,328,0,1,0,0.846955661959192,0.124013536447668,0.353261031446586,-0.0388085612197806,-0.00206004525404295,0.696012983190444,0.302684975687523
17,329,0,1,0,0.627961966384434,0.124013536447668,0.353261031446586,-0.0388085612197806,-0.00206004525404295,0.611660960651513,0.187798093387389
17,330,0,1,0,0.826866623356198,0.124013536447668,0.353261031446586,-0.0388085612197806,-0.00206004525404295,0.636924830643255,0.224593329704517
17,331,0,1,0,0.700536401983121,0.124013536447668,0.353261031446586,-0.0388085612197806,-0.00206004525404295,0.57834079227849,0.423377448235355
17,332,0,1,0,0.80817239981337,0.124013536447668,0.353261031446586,-0.0388085612197806,-0.00206004525404295,0.563566395603947,0.272584637847269
17,333,0,1,0,0.869631402707772,0.124013536447668,0.353261031446586,-0.0388085612197806,-0.00206004525404295,0.668306860177211,0.342508716620451
17,334,0,1,0,0.940380655121587,0.124013536447668,0.353261031446586,-0.0388085612197806,-0.00206004525404295,0.681487868420315,0.222341973449545
17,335,0,1,0,0.91965550519251,0.124013536447668,0.353261031446586,-0.0388085612197806,-0.00206004525404295,0.643687908420859,0.327380182175401
17,336,0,1,0,0.710273783425533,0.124013536447668,0.353261031446586,-0.0388085612197806,-0.00206004525404295,0.725846720266756,0.428418639564891
17,337,0,1,0,0.741257684052747,0.124013536447668,0.353261031446586,-0.0388085612197806,-0.00206004525404295,0.654947910994703,0.267773123544894
17,338,0,1,0,0.866486096201114,0.124013536447668,0.353261031446586,-0.0388085612197806,-0.00206004525404295,0.723930887732527,0.350020657271285
17,339,0,1,0,0.867622670535958,0.124013536447668,0.353261031446586,-0.0388085612197806,-0.00206004525404295,0.555335812890023,0.322179296275232
17,340,0,1,0,0.829298480910852,0.124013536447668,0.353261031446586,-0.0388085612197806,-0.00206004525404295,0.673421727817603,0.311561016108204
18,341,0,0,1,0.880730571996227,0.14505626046641,0.407756760440461,-0.0633545927643942,-0.0146299275912796,0.278418443109726,0.350777311725974
18,342,0,0,1,0.760845797635295,0.14505626046641,0.407756760440461,-0.0633545927643942,-0.0146299275912796,0.273357264278969,0.334087590037361
18,343,0,0,1,0.833832121714397,0.14505626046641,0.407756760440461,-0.0633545927643942,-0.0146299275912796,0.266742141558715,0.360046194266721
18,344,0,0,1,0.930427605444213,0.14505626046641,0.407756760440461,-0.0633545927643942,-0.0146299275912796,0.285955036816329,0.248175357081839
18,345,0,0,1,0.93790209664882,0.14505626046641,0.407756760440461,-0.0633545927643942,-0.0146299275912796,0.347099488157932,0.230256973025839
18,346,0,0,1,0.770461217478796,0.14505626046641,0.407756760440461,-0.0633545927643942,-0.0146299275912796,0.342591284758949,0.345301576054292
18,347,0,0,1,0.925428575343076,0.14505626046641,0.407756760440461,-0.0633545927643942,-0.0146299275912796,0.315322720505647,0.36896689551807
18,348,0,0,1,0.919475718943057,0.14505626046641,0.407756760440461,-0.0633545927643942,-0.0146299275912796,0.304905891877974,0.384822787566003
18,349,0,0,1,0.684553615782779,0.14505626046641,0.407756760440461,-0.0633545927643942,-0.0146299275912796,0.308367626830189,0.357567179498697
18,350,0,0,1,0.78804979652332,0.14505626046641,0.407756760440461,-0.0633545927643942,-0.0146299275912796,0.256893662812247,0.252531664795837
18,351,0,0,1,0.638268018679283,0.14505626046641,0.407756760440461,-0.0633545927643942,-0.0146299275912796,0.263454231265629,0.326172159436822
18,352,0,0,1,0.824115074660275,0.14505626046641,0.407756760440461,-0.0633545927643942,-0.0146299275912796,0.288579447417041,0.344825476665205
18,353,0,0,1,0.595305156316701,0.14505626046641,0.407756760440461,-0.0633545927643942,-0.0146299275912796,0.269527014766913,0.307766327658768
18,354,0,0,1,0.832239644304969,0.14505626046641,0.407756760440461,-0.0633545927643942,-0.0146299275912796,0.362847648399807,0.358257950076241
18,355,0,0,1,0.854232403251013,0.14505626046641,0.407756760440461,-0.0633545927643942,-0.0146299275912796,0.334208688262813,0.379508795367518
18,356,0,0,1,0.749720513202868,0.14505626046641,0.407756760440461,-0.0633545927643942,-0.0146299275912796,0.337362388385322,0.463607238723804
18,357,0,0,1,0.922604295399331,0.14505626046641,0.407756760440461,-0.0633545927643942,-0.0146299275912796,0.339777300786081,0.298405968877251
18,358,0,0,1,0.790005403649081,0.14505626046641,0.407756760440461,-0.0633545927643942,-0.0146299275912796,0.344316625446028,0.346068788416008
18,359,0,0,1,0.956602391922679,0.14505626046641,0.407756760440461,-0.0633545927643942,-0.0146299275912796,0.377407508007443,0.376555313023658
18,360,0,0,1,0.703324543770957,0.14505626046641,0.407756760440461,-0.0633545927643942,-0.0146299275912796,0.315602942554008,0.355973861624323
19,361,0,1,0,0.691509895422244,0.16058866138334,0.310914899872546,-0.092191696875836,-0.0201463610697061,0.564419405158588,0.328317589396602
19,362,0,1,0,0.86609048892145,0.16058866138334,0.310914899872546,-0.092191696875836,-0.0201463610697061,0.59597932284967,0.285149379071905
19,363,0,1,0,0.638227018381499,0.16058866138334,0.310914899872546,-0.092191696875836,-0.0201463610697061,0.649847058463405,0.324195903152012
19,364,0,1,0,0.839459604529079,0.16058866138334,0.310914899872546,-0.092191696875836,-0.0201463610697061,0.701541680420756,0.301399624100151
19,365,0,1,0,0.804168419001788,0.16058866138334,0.310914899872546,-0.092191696875836,-0.0201463610697061,0.631831795098563,0.320817120485375
19,366,0,1,0,0.953866662074632,0.16058866138334,0.310914899872546,-0.092191696875836,-0.0201463610697061,0.590966685032252,0.288821326939973
19,367,0,1,0,0.86436148521177,0.16058866138334,0.310914899872546,-0.092191696875836,-0.0201463610697061,0.526958192689849,0.309043235375167
19,368,0,1,0,0.890138994449216,0.16058866138334,0.310914899872546,-0.092191696875836,-0.0201463610697061,0.599875803924907,0.265131622330632
19,369,0,1,0,0.722200112939249,0.16058866138334,0.310914899872546,-0.092191696875836,-0.0201463610697061,0.529626346525853,0.324569429610393
19,370,0,1,0,0.675327083806568,0.16058866138334,0.310914899872546,-0.092191696875836,-0.0201463610697061,0.583396631761637,0.278618834234381
19,371,0,1,0,0.839594693148275,0.16058866138334,0.310914899872546,-0.092191696875836,-0.0201463610697061,0.592245835058574,0.300145012661989
19,372,0,1,0,0.663381207792486,0.16058866138334,0.310914899872546,-0.092191696875836,-0.0201463610697061,0.591316846905697,0.334118723850607
19,373,0,1,0,0.654594116507933,0.16058866138334,0.310914899872546,-0.092191696875836,-0.0201463610697061,0.586244737925767,0.267457139280331
19,374,0,1,0,0.701706160009871,0.16058866138334,0.310914899872546,-0.092191696875836,-0.0201463610697061,0.569529639162567,0.331029255284553
19,375,0,1,0,0.835597012775664,0.16058866138334,0.310914899872546,-0.092191696875836,-0.0201463610697061,0.665588329781786,0.297498680265256
19,376,0,1,0,0.848841433169983,0.16058866138334,0.310914899872546,-0.092191696875836,-0.0201463610697061,0.542373392687294,0.367578550374874
19,377,0,1,0,0.951330835815662,0.16058866138334,0.310914899872546,-0.092191696875836,-0.0201463610697061,0.636851479093011,0.32245836572318
19,378,0,1,0,0.63444175680074,0.16058866138334,0.310914899872546,-0.092191696875836,-0.0201463610697061,0.601168667536097,0.201417683359447
19,379,0,1,0,0.846405210781976,0.16058866138334,0.310914899872546,-0.092191696875836,-0.0201463610697061,0.649566947336885,0.297644630675603
19,380,0,1,0,0.696302033700363,0.16058866138334,0.310914899872546,-0.092191696875836,-0.0201463610697061,0.568182868447228,0.278488846476023
20,381,0,0,1,0.726477853033757,0.13707407925471,0.373696580412192,-0.0469796267807992,-0.0198423990575809,0.281762358551669,0.241884905003094
20,382,0,0,1,0.782739085939583,0.13707407925471,0.373696580412192,-0.0469796267807992,-0.0198423990575809,0.285519778634269,0.293878133039342
20,383,0,0,1,0.813431781670595,0.13707407925471,0.373696580412192,-0.0469796267807992,-0.0198423990575809,0.3043396199063,0.365200030607428
20,384,0,0,1,0.803073078757233,0.13707407925471,0.373696580412192,-0.0469796267807992,-0.0198423990575809,0.242102473966593,0.364335519759922
20,385,0,0,1,0.689967239360375,0.13707407925471,0.373696580412192,-0.0469796267807992,-0.0198423990575809,0.27877069446421,0.356327618567375
20,386,0,0,1,0.870188527448253,0.13707407925471,0.373696580412192,-0.0469796267807992,-0.0198423990575809,0.241051188441834,0.351542011370996
20,387,0,0,1,0.793788401780934,0.13707407925471,0.373696580412192,-0.0469796267807992,-0.0198423990575809,0.384945945438519,0.297989032725981
20,388,0,0,1,0.909338010840962,0.13707407925471,0.373696580412192,-0.0469796267807992,-0.0198423990575809,0.29102246984603,0.300974955903304
20,389,0,0,1,0.739628002438102,0.13707407925471,0.373696580412192,-0.0469796267807992,-0.0198423990575809,0.196226978623964,0.378037439933159
20,390,0,0,1,0.578629083658855,0.13707407925471,0.373696580412192,-0.0469796267807992,-0.0198423990575809,0.254867595478584,0.363192267597338
20,391,0,0,1,0.930169382797823,0.13707407925471,0.373696580412192,-0.0469796267807992,-0.0198423990575809,0.291794513241465,0.376514519136753
20,392,0,0,1,0.948411747366466,0.13707407925471,0.373696580412192,-0.0469796267807992,-0.0198423990575809,0.318986765273957,0.237516180324607
20,393,0,0,1,0.904660643094515,0.13707407925471,0.373696580412192,-0.0469796267807992,-0.0198423990575809,0.355471990780634,0.222041327823171
20,394,0,0,1,0.994678642214397,0.13707407925471,0.373696580412192,-0.0469796267807992,-0.0198423990575809,0.235621782812797,0.312851921154497
20,395,0,0,1,0.858648466905048,0.13707407925471,0.373696580412192,-0.0469796267807992,-0.0198423990575809,0.338751693770657,0.236414143548437
20,396,0,0,1,0.761222815189867,0.13707407925471,0.373696580412192,-0.0469796267807992,-0.0198423990575809,0.201557166235139,0.337108037060927
20,397,0,0,1,0.788663349978188,0.13707407925471,0.373696580412192,-0.0469796267807992,-0.0198423990575809,0.314342840550529,0.315341171378572
20,398,0,0,1,0.814200342246319,0.13707407925471,0.373696580412192,-0.0469796267807992,-0.0198423990575809,0.263269194643777,0.392822563533077
20,399,0,0,1,0.827088774292293,0.13707407925471,0.373696580412192,-0.0469796267807992,-0.0198423990575809,0.269532041760099,0.317868401384467
20,400,0,0,1,0.756346656573705,0.13707407925471,0.373696580412192,-0.0469796267807992,-0.0198423990575809,0.334699718915032,0.321839067230276
21,401,1,0,0,0.818615274059612,0.145869607133821,0.371322948671135,-0.06628549549076,-0.0202471375234058,0.531446302344302,0.218979570777929
21,402,1,0,0,0.91962344481849,0.145869607133821,0.371322948671135,-0.06628549549076,-0.0202471375234058,0.510320004664533,0.256387315523524
21,403,1,0,0,0.763818593124326,0.145869607133821,0.371322948671135,-0.06628549549076,-0.0202471375234058,0.475646447335744,0.307080847708668
21,404,1,0,0,0.843725020523297,0.145869607133821,0.371322948671135,-0.06628549549076,-0.0202471375234058,0.415501370035338,0.229795917226657
21,405,1,0,0,0.755783181913451,0.145869607133821,0.371322948671135,-0.06628549549076,-0.0202471375234058,0.376706829709294,0.243891181550134
21,406,1,0,0,0.686128995301595,0.145869607133821,0.371322948671135,-0.06628549549076,-0.0202471375234058,0.494596749223081,0.26183616318393
21,407,1,0,0,0.838724322453163,0.145869607133821,0.371322948671135,-0.06628549549076,-0.0202471375234058,0.46287173907775,0.172097434804244
21,408,1,0,0,0.834419486537529,0.145869607133821,0.371322948671135,-0.06628549549076,-0.0202471375234058,0.403399871787023,0.241005881715523
21,409,1,0,0,0.793650505763683,0.145869607133821,0.371322948671135,-0.06628549549076,-0.0202471375234058,0.431259609387369,0.305800855275899
21,410,1,0,0,0.757687316695926,0.145869607133821,0.371322948671135,-0.06628549549076,-0.0202471375234058,0.505738207942903,0.294262359940044
21,411,1,0,0,0.824294492618267,0.145869607133821,0.371322948671135,-0.06628549549076,-0.0202471375234058,0.43652088414552,0.271883419732869
21,412,1,0,0,0.609776564571144,0.145869607133821,0.371322948671135,-0.06628549549076,-0.0202471375234058,0.436983564594086,0.32335646042447
21,413,1,0,0,0.817243122260411,0.145869607133821,0.371322948671135,-0.06628549549076,-0.0202471375234058,0.469779549328384,0.292032337871276
21,414,1,0,0,0.893158183001565,0.145869607133821,0.371322948671135,-0.06628549549076,-0.0202471375234058,0.417873393336279,0.305971180686322
21,415,1,0,0,0.965518758470951,0.145869607133821,0.371322948671135,-0.06628549549076,-0.0202471375234058,0.481737267186821,0.254036941295521
21,416,1,0,0,0.614460292500926,0.145869607133821,0.371322948671135,-0.06628549549076,-0.0202471375234058,0.375451321340316,0.227778198345521
21,417,1,0,0,0.671705655743946,0.145869607133821,0.371322948671135,-0.06628549549076,-0.0202471375234058,0.452544005244545,0.243272569693988
21,418,1,0,0,0.848103922159993,0.145869607133821,0.371322948671135,-0.06628549549076,-0.0202471375234058,0.454421560043393,0.184668288941415
21,419,1,0,0,0.915515040573214,0.145869607133821,0.371322948671135,-0.06628549549076,-0.0202471375234058,0.383844454764977,0.290655225304872
21,420,1,0,0,0.859142365552673,0.145869607133821,0.371322948671135,-0.06628549549076,-0.0202471375234058,0.418364577558317,0.226186105922945
22,421,0,1,0,0.693996878194726,0.127943347441781,0.386412521503853,-0.0629525790171021,-0.0195097287941054,0.606805282319806,0.344082350806962
22,422,0,1,0,0.852546964124656,0.127943347441781,0.386412521503853,-0.0629525790171021,-0.0195097287941054,0.672001489176439,0.276399040679973
22,423,0,1,0,0.743443622628801,0.127943347441781,0.386412521503853,-0.0629525790171021,-0.0195097287941054,0.707690573531603,0.2812754103625
22,424,0,1,0,0.950352527513425,0.127943347441781,0.386412521503853,-0.0629525790171021,-0.0195097287941054,0.619533919626842,0.291723247877616
22,425,0,1,0,0.987771878630733,0.127943347441781,0.386412521503853,-0.0629525790171021,-0.0195097287941054,0.578428004956766,0.392763579377844
22,426,0,1,0,0.866293431024429,0.127943347441781,0.386412521503853,-0.0629525790171021,-0.0195097287941054,0.658610981193608,0.263349630674438
22,427,0,1,0,0.991507750057724,0.127943347441781,0.386412521503853,-0.0629525790171021,-0.0195097287941054,0.709704699741504,0.274128474828104
22,428,0,1,0,0.999131388477105,0.127943347441781,0.386412521503853,-0.0629525790171021,-0.0195097287941054,0.676668272649759,0.32319310053529
22,429,0,1,0,0.83904225705921,0.127943347441781,0.386412521503853,-0.0629525790171021,-0.0195097287941054,0.767476908881511,0.348058103556957
22,430,0,1,0,0.782692620312848,0.127943347441781,0.386412521503853,-0.0629525790171021,-0.0195097287941054,0.688752347997268,0.346559830368289
22,431,0,1,0,0.679508788669142,0.127943347441781,0.386412521503853,-0.0629525790171021,-0.0195097287941054,0.613488016359325,0.338477940484497
22,432,0,1,0,0.826646207974225,0.127943347441781,0.386412521503853,-0.0629525790171021,-0.0195097287941054,0.68980393004839,0.311387313522353
22,433,0,1,0,0.695221279365763,0.127943347441781,0.386412521503853,-0.0629525790171021,-0.0195097287941054,0.66008285680565,0.32167688029907
22,434,0,1,0,0.813030317225312,0.127943347441781,0.386412521503853,-0.0629525790171021,-0.0195097287941054,0.650135915708262,0.260252232268726
22,435,0,1,0,0.739416618200348,0.127943347441781,0.386412521503853,-0.0629525790171021,-0.0195097287941054,0.561986620035601,0.294832693734556
22,436,0,1,0,0.938144226207569,0.127943347441781,0.386412521503853,-0.0629525790171021,-0.0195097287941054,0.59715329017009,0.305744605627429
22,437,0,1,0,0.982675084584914,0.127943347441781,0.386412521503853,-0.0629525790171021,-0.0195097287941054,0.64530480944667,0.282621012301372
22,438,0,1,0,0.54136897498352,0.127943347441781,0.386412521503853,-0.0629525790171021,-0.0195097287941054,0.706020419911509,0.334607545133678
22,439,0,1,0,0.729828575116528,0.127943347441781,0.386412521503853,-0.0629525790171021,-0.0195097287941054,0.636602304217291,0.256358877849822
22,440,0,1,0,0.855075167558681,0.127943347441781,0.386412521503853,-0.0629525790171021,-0.0195097287941054,0.683876907962804,0.349108377338785
23,441,0,0,1,0.713288932418248,0.177698170129368,0.34988117741875,-0.0518140859975702,0.00162947209456489,0.283189434942374,0.282014657149081
23,442,0,0,1,0.777528600260362,0.177698170129368,0.34988117741875,-0.0518140859975702,0.00162947209456489,0.325626252769323,0.300224787889523
23,443,0,0,1,0.816008048463956,0.177698170129368,0.34988117741875,-0.0518140859975702,0.00162947209456489,0.322667718454467,0.324137060404644
23,444,0,0,1,0.906609503003076,0.177698170129368,0.34988117741875,-0.0518140859975702,0.00162947209456489,0.197326028623301,0.316053579749103
23,445,0,0,1,0.867211295249572,0.177698170129368,0.34988117741875,-0.0518140859975702,0.00162947209456489,0.265586037035667,0.344692905830307
23,446,0,0,1,0.892214033910096,0.177698170129368,0.34988117741875,-0.0518140859975702,0.00162947209456489,0.302220642694519,0.235807842384581
23,447,0,0,1,0.737665276873451,0.177698170129368,0.34988117741875,-0.0518140859975702,0.00162947209456489,0.242082325521517,0.312958877966466
23,448,0,0,1,0.821306020802018,0.177698170129368,0.34988117741875,-0.0518140859975702,0.00162947209456489,0.364826174992764,0.446591082938694
23,449,0,0,1,0.753253614001871,0.177698170129368,0.34988117741875,-0.0518140859975702,0.00162947209456489,0.289373732737756,0.290823554623083
23,450,0,0,1,0.974658481714151,0.177698170129368,0.34988117741875,-0.0518140859975702,0.00162947209456489,0.207218059970686,0.283407075499999
23,451,0,0,1,0.75068915361707,0.177698170129368,0.34988117741875,-0.0518140859975702,0.00162947209456489,0.256853419283986,0.247495678337438
23,452,0,0,1,0.723785189495895,0.177698170129368,0.34988117741875,-0.0518140859975702,0.00162947209456489,0.315881127086816,0.333935449488055
23,453,0,0,1,0.688761131568108,0.177698170129368,0.34988117741875,-0.0518140859975702,0.00162947209456489,0.262971176537273,0.328754222086794
23,454,0,0,1,0.860443850180508,0.177698170129368,0.34988117741875,-0.0518140859975702,0.00162947209456489,0.243378721942138,0.333597011683423
23,455,0,0,1,0.742995633442972,0.177698170129368,0.34988117741875,-0.0518140859975702,0.00162947209456489,0.286946151133642,0.308789982837377
23,456,0,0,1,0.773201268961656,0.177698170129368,0.34988117741875,-0.0518140859975702,0.00162947209456489,0.311540735785905,0.315234943293276
23,457,0,0,1,0.931509614354847,0.177698170129368,0.34988117741875,-0.0518140859975702,0.00162947209456489,0.283896179206617,0.329287060442206
23,458,0,0,1,0.866258091098617,0.177698170129368,0.34988117741875,-0.0518140859975702,0.00162947209456489,0.296976546862572,0.320498826379998
23,459,0,0,1,0.965785442344059,0.177698170129368,0.34988117741875,-0.0518140859975702,0.00162947209456489,0.278275901214136,0.250114052533292
23,460,0,0,1,0.934879870194215,0.177698170129368,0.34988117741875,-0.0518140859975702,0.00162947209456489,0.279976890576935,0.469349570180148
24,461,1,0,0,0.748179676825694,0.16667872004074,0.366154983205918,-0.0751626063208824,-0.004615860665273,0.393469685588521,0.253149109182587
24,462,1,0,0,0.637424604883182,0.16667872004074,0.366154983205918,-0.0751626063208824,-0.004615860665273,0.406141584944904,0.320657067138705
24,463,1,0,0,0.653903096972435,0.16667872004074,0.366154983205918,-0.0751626063208824,-0.004615860665273,0.464766433092418,0.213207933803548
24,464,1,0,0,0.854417074311768,0.16667872004074,0.366154983205918,-0.0751626063208824,-0.004615860665273,0.475966667586336,0.158630779179861
24,465,1,0,0,0.611255478510214,0.16667872004074,0.366154983205918,-0.0751626063208824,-0.004615860665273,0.456634450376305,0.271202401303249
24,466,1,0,0,0.753427091156949,0.16667872004074,0.366154983205918,-0.0751626063208824,-0.004615860665273,0.378597276570046,0.17948119689644
24,467,1,0,0,0.781386585036774,0.16667872004074,0.366154983205918,-0.0751626063208824,-0.004615860665273,0.386525410700345,0.251946497783591
24,468,1,0,0,0.708861314493125,0.16667872004074,0.366154983205918,-0.0751626063208824,-0.004615860665273,0.511062804660862,0.189744839998227
24,469,1,0,0,0.770673306315928,0.16667872004074,0.366154983205918,-0.0751626063208824,-0.004615860665273,0.455917964263771,0.226507224824165
24,470,1,0,0,0.915483799980485,0.16667872004074,0.366154983205918,-0.0751626063208824,-0.004615860665273,0.477106215130136,0.244185256889842
24,471,1,0,0,0.828702552067082,0.16667872004074,0.366154983205918,-0.0751626063208824,-0.004615860665273,0.465767748073288,0.275621575439097
24,472,1,0,0,0.74667742362594,0.16667872004074,0.366154983205918,-0.0751626063208824,-0.004615860665273,0.521932893223548,0.156036716042789
24,473,1,0,0,0.808185732651213,0.16667872004074,0.366154983205918,-0.0751626063208824,-0.004615860665273,0.49928919239996,0.231059735818368
24,474,1,0,0,0.872271397447063,0.16667872004074,0.366154983205918,-0.0751626063208824,-0.004615860665273,0.473573798414528,0.277238579584623
24,475,1,0,0,0.727945766697755,0.16667872004074,0.366154983205918,-0.0751626063208824,-0.004615860665273,0.447609157895717,0.257752745255929
24,476,1,0,0,0.867092868200669,0.16667872004074,0.366154983205918,-0.0751626063208824,-0.004615860665273,0.456972577690846,0.287334503667912
24,477,1,0,0,0.748948745880606,0.16667872004074,0.366154983205918,-0.0751626063208824,-0.004615860665273,0.46478257452938,0.270799242120175
24,478,1,0,0,0.883431223277676,0.16667872004074,0.366154983205918,-0.0751626063208824,-0.004615860665273,0.475393160906429,0.305882566754313
24,479,1,0,0,0.81001316636331,0.16667872004074,0.366154983205918,-0.0751626063208824,-0.004615860665273,0.50499603420405,0.204976234774214
24,480,1,0,0,0.800988526806461,0.16667872004074,0.366154983205918,-0.0751626063208824,-0.004615860665273,0.447980667305381,0.259544856369213
25,481,1,0,0,0.769476319240843,0.171610121597086,0.393502503053291,-0.0515267302534162,0.0147342658245544,0.518203304612724,0.288176819497318
25,482,1,0,0,0.756019090177641,0.171610121597086,0.393502503053291,-0.0515267302534162,0.0147342658245544,0.490900549110954,0.304787767864242
25,483,1,0,0,0.639085163252154,0.171610121597086,0.393502503053291,-0.0515267302534162,0.0147342658245544,0.522037206206784,0.237703822801958
25,484,1,0,0,0.729802649264379,0.171610121597086,0.393502503053291,-0.0515267302534162,0.0147342658245544,0.511780312391339,0.192187251070797
25,485,1,0,0,0.6353936397559,0.171610121597086,0.393502503053291,-0.0515267302534162,0.0147342658245544,0.433229000822399,0.26542522613394
25,486,1,0,0,0.866658146129545,0.171610121597086,0.393502503053291,-0.0515267302534162,0.0147342658245544,0.48650248514259,0.218352779931382
25,487,1,0,0,0.781633476451032,0.171610121597086,0.393502503053291,-0.0515267302534162,0.0147342658245544,0.447110286083814,0.28135432193961
25,488,1,0,0,0.814243501372093,0.171610121597086,0.393502503053291,-0.0515267302534162,0.0147342658245544,0.392084866406408,0.280938327774942
25,489,1,0,0,0.789786923619364,0.171610121597086,0.393502503053291,-0.0515267302534162,0.0147342658245544,0.491131899993785,0.259594899432864
25,490,1,0,0,0.876683512940194,0.171610121597086,0.393502503053291,-0.0515267302534162,0.0147342658245544,0.437012805610508,0.36244329218678
25,491,1,0,0,0.676392796566183,0.171610121597086,0.393502503053291,-0.0515267302534162,0.0147342658245544,0.454695899547999,0.386342262880001
25,492,1,0,0,0.764723092752226,0.171610121597086,0.393502503053291,-0.0515267302534162,0.0147342658245544,0.439206193644987,0.264608367742375
25,493,1,0,0,0.786460639956752,0.171610121597086,0.393502503053291,-0.0515267302534162,0.0147342658245544,0.513273790347401,0.184249969246075
25,494,1,0,0,0.747974513246311,0.171610121597086,0.393502503053291,-0.0515267302534162,0.0147342658245544,0.542019329188977,0.259381484366134
25,495,1,0,0,0.85008649652893,0.171610121597086,0.393502503053291,-0.0515267302534162,0.0147342658245544,0.360266795862195,0.190510117645458
25,496,1,0,0,0.630347156751208,0.171610121597086,0.393502503053291,-0.0515267302534162,0.0147342658245544,0.497127400737082,0.30404893669372
25,497,1,0,0,0.766144382736997,0.171610121597086,0.393502503053291,-0.0515267302534162,0.0147342658245544,0.407689228744774,0.307182773408145
25,498,1,0,0,0.805029388748853,0.171610121597086,0.393502503053291,-0.0515267302534162,0.0147342658245544,0.447182400757287,0.185017602429139
25,499,1,0,0,0.775240669995893,0.171610121597086,0.393502503053291,-0.0515267302534162,0.0147342658245544,0.437569583749457,0.343359412960365
25,500,1,0,0,0.990761525197978,0.171610121597086,0.393502503053291,-0.0515267302534162,0.0147342658245544,0.411864825227514,0.267292735575206
26,501,0,0,1,0.915193046918933,0.123985051522486,0.307055085777373,-0.0460737118538549,-0.00959228515702085,0.288017602283586,0.310156250352478
26,502,0,0,1,0.858346724551853,0.123985051522486,0.307055085777373,-0.0460737118538549,-0.00959228515702085,0.228907647213711,0.350540882266532
26,503,0,0,1,0.681570616553,0.123985051522486,0.307055085777373,-0.0460737118538549,-0.00959228515702085,0.229500382755171,0.384909866463219
26,504,0,0,1,0.872341461869535,0.123985051522486,0.307055085777373,-0.0460737118538549,-0.00959228515702085,0.255682132286015,0.322524559808561
26,505,0,0,1,0.916021819223926,0.123985051522486,0.307055085777373,-0.0460737118538549,-0.00959228515702085,0.313964958154975,0.221105113199193
26,506,0,0,1,0.760206659760669,0.123985051522486,0.307055085777373,-0.0460737118538549,-0.00959228515702085,0.300425800761054,0.311277753602696
26,507,0,0,1,0.84138832424293,0.123985051522486,0.307055085777373,-0.0460737118538549,-0.00959228515702085,0.3172453970507,0.330347674870604
26,508,0,0,1,0.863877601608077,0.123985051522486,0.307055085777373,-0.0460737118538549,-0.00959228515702085,0.280854438415028,0.332584621784798
26,509,0,0,1,0.834356632335745,0.123985051522486,0.307055085777373,-0.0460737118538549,-0.00959228515702085,0.257072541480766,0.349562365916853
26,510,0,0,1,0.75459434588172,0.123985051522486,0.307055085777373,-0.0460737118538549,-0.00959228515702085,0.330435418594248,0.315211085079645
26,511,0,0,1,0.897191385725169,0.123985051522486,0.307055085777373,-0.0460737118538549,-0.00959228515702085,0.350592060652929,0.273342078645981
26,512,0,0,1,0.803067052454968,0.123985051522486,0.307055085777373,-0.0460737118538549,-0.00959228515702085,0.273612267301902,0.341147071573825
26,513,0,0,1,0.884459053247865,0.123985051522486,0.307055085777373,-0.0460737118538549,-0.00959228515702085,0.224319520937065,0.325379648591201
26,514,0,0,1,0.948456687022365,0.123985051522486,0.307055085777373,-0.0460737118538549,-0.00959228515702085,0.33837960595258,0.36412753878895
26,515,0,0,1,0.566722827734194,0.123985051522486,0.307055085777373,-0.0460737118538549,-0.00959228515702085,0.242934683980257,0.372591475685701
26,516,0,0,1,0.910220615548666,0.123985051522486,0.307055085777373,-0.0460737118538549,-0.00959228515702085,0.239357454758959,0.260612509325528
26,517,0,0,1,0.89943366074892,0.123985051522486,0.307055085777373,-0.0460737118538549,-0.00959228515702085,0.267967523933236,0.390965752781979
26,518,0,0,1,0.830741397690023,0.123985051522486,0.307055085777373,-0.0460737118538549,-0.00959228515702085,0.274061715542446,0.362473058236522
26,519,0,0,1,0.760664625549643,0.123985051522486,0.307055085777373,-0.0460737118538549,-0.00959228515702085,0.26814106224823,0.370446297218431
26,520,0,0,1,0.770203997150634,0.123985051522486,0.307055085777373,-0.0460737118538549,-0.00959228515702085,0.234448257949707,0.297231344325765
27,521,0,0,1,0.683354340000462,0.205006424377093,0.37684553946456,-0.0694857816744645,-0.00705121999000047,0.194859849740264,0.349319454218069
27,522,0,0,1,0.824867344489761,0.205006424377093,0.37684553946456,-0.0694857816744645,-0.00705121999000047,0.283190734435656,0.30635178459689
27,523,0,0,1,0.82076509590181,0.205006424377093,0.37684553946456,-0.0694857816744645,-0.00705121999000047,0.332840508509096,0.402427612758051
27,524,0,0,1,0.710705345519378,0.205006424377093,0.37684553946456,-0.0694857816744645,-0.00705121999000047,0.281295014467039,0.283428604505698
27,525,0,0,1,0.898674734647199,0.205006424377093,0.37684553946456,-0.0694857816744645,-0.00705121999000047,0.339155460529744,0.30004848680359
27,526,0,0,1,0.886030680546754,0.205006424377093,0.37684553946456,-0.0694857816744645,-0.00705121999000047,0.186066630481495,0.305443322291595
27,527,0,0,1,0.813960632613193,0.205006424377093,0.37684553946456,-0.0694857816744645,-0.00705121999000047,0.366582418665083,0.362762828869629
27,528,0,0,1,0.89675253446345,0.205006424377093,0.37684553946456,-0.0694857816744645,-0.00705121999000047,0.203155890425567,0.289504625483116
27,529,0,0,1,0.909594720114092,0.205006424377093,0.37684553946456,-0.0694857816744645,-0.00705121999000047,0.195481774369563,0.406921184749169
27,530,0,0,1,0.564736987682528,0.205006424377093,0.37684553946456,-0.0694857816744645,-0.00705121999000047,0.249029023777293,0.408092513561924
27,531,0,0,1,0.722453679331989,0.205006424377093,0.37684553946456,-0.0694857816744645,-0.00705121999000047,0.415636548195367,0.294367401460556
27,532,0,0,1,0.890079705857745,0.205006424377093,0.37684553946456,-0.0694857816744645,-0.00705121999000047,0.235553120283757,0.292716782587634
27,533,0,0,1,0.984899901152955,0.205006424377093,0.37684553946456,-0.0694857816744645,-0.00705121999000047,0.277696772687844,0.33487577222612
27,534,0,0,1,0.654870353084548,0.205006424377093,0.37684553946456,-0.0694857816744645,-0.00705121999000047,0.361454238203524,0.330448773251884
27,535,0,0,1,0.817407444307501,0.205006424377093,0.37684553946456,-0.0694857816744645,-0.00705121999000047,0.258585716880147,0.367964801013803
27,536,0,0,1,0.793555298901993,0.205006424377093,0.37684553946456,-0.0694857816744645,-0.00705121999000047,0.366686674918973,0.374621486261762
27,537,0,0,1,0.721664395505516,0.205006424377093,0.37684553946456,-0.0694857816744645,-0.00705121999000047,0.365910686268467,0.276669488828612
27,538,0,0,1,0.87031270622607,0.205006424377093,0.37684553946456,-0.0694857816744645,-0.00705121999000047,0.283717354861754,0.376265202089402
27,539,0,0,1,0.776064727430886,0.205006424377093,0.37684553946456,-0.0694857816744645,-0.00705121999000047,0.250831160492072,0.174665304528771
27,540,0,0,1,0.948437497161014,0.205006424377093,0.37684553946456,-0.0694857816744645,-0.00705121999000047,0.231039898028202,0.308391150778952
28,541,0,1,0,0.723926900840158,0.136235921737188,0.369135539446435,-0.0645110870899503,-0.00140615292751731,0.624697167353385,0.393121354173549
28,542,0,1,0,0.88204151982172,0.136235921737188,0.369135539446435,-0.0645110870899503,-0.00140615292751731,0.716513581124033,0.26199583949905
28,543,0,1,0,0.923423579255206,0.136235921737188,0.369135539446435,-0.0645110870899503,-0.00140615292751731,0.663942555943642,0.307227935000446
28,544,0,1,0,0.71356123544741,0.136235921737188,0.369135539446435,-0.0645110870899503,-0.00140615292751731,0.66226756999311,0.381123764125298
28,545,0,1,0,0.875945970490513,0.136235921737188,0.369135539446435,-0.0645110870899503,-0.00140615292751731,0.695920742996354,0.267453533172648
28,546,0,1,0,0.682453297554731,0.136235921737188,0.369135539446435,-0.0645110870899503,-0.00140615292751731,0.651605751703726,0.315571117334682
28,547,0,1,0,0.836495268294458,0.136235921737188,0.369135539446435,-0.0645110870899503,-0.00140615292751731,0.621411013145822,0.371559472636556
28,548,0,1,0,0.853578094269653,0.136235921737188,0.369135539446435,-0.0645110870899503,-0.00140615292751731,0.628014739091143,0.370495397807196
28,549,0,1,0,0.787301998452874,0.136235921737188,0.369135539446435,-0.0645110870899503,-0.00140615292751731,0.605029335857336,0.282336483722918
28,550,0,1,0,0.724815350428556,0.136235921737188,0.369135539446435,-0.0645110870899503,-0.00140615292751731,0.609740496615483,0.280897846124634
28,551,0,1,0,0.717970421449095,0.136235921737188,0.369135539446435,-0.0645110870899503,-0.00140615292751731,0.65005107652579,0.241603131877417
28,552,0,1,0,0.857858616716426,0.136235921737188,0.369135539446435,-0.0645110870899503,-0.00140615292751731,0.641652150098638,0.342105530838359
28,553,0,1,0,0.849707858632467,0.136235921737188,0.369135539446435,-0.0645110870899503,-0.00140615292751731,0.662834288771583,0.388163885657411
28,554,0,1,0,0.699448777437089,0.136235921737188,0.369135539446435,-0.0645110870899503,-0.00140615292751731,0.624950418533372,0.244220743701537
28,555,0,1,0,0.72541448818664,0.136235921737188,0.369135539446435,-0.0645110870899503,-0.00140615292751731,0.647871413885564,0.323267774571869
28,556,0,1,0,0.724096440167034,0.136235921737188,0.369135539446435,-0.0645110870899503,-0.00140615292751731,0.698958670301453,0.231878308829791
28,557,0,1,0,0.721017160476903,0.136235921737188,0.369135539446435,-0.0645110870899503,-0.00140615292751731,0.685281712796713,0.271919310933678
28,558,0,1,0,0.966013541950318,0.136235921737188,0.369135539446435,-0.0645110870899503,-0.00140615292751731,0.637822278151299,0.282736037513439
28,559,0,1,0,0.877933845748014,0.136235921737188,0.369135539446435,-0.0645110870899503,-0.00140615292751731,0.638037631007487,0.292681933001133
28,560,0,1,0,0.873136504334456,0.136235921737188,0.369135539446435,-0.0645110870899503,-0.00140615292751731,0.586073561389377,0.335945929797681
29,561,1,0,0,0.837744184741141,0.0432483213522631,0.36956727994114,-0.0686597468732874,-0.00824879634816278,0.336592026372086,0.162481372801275
29,562,1,0,0,0.792644597708302,0.0432483213522631,0.36956727994114,-0.0686597468732874,-0.00824879634816278,0.363436662092747,0.266168639859061
29,563,1,0,0,0.732638136843052,0.0432483213522631,0.36956727994114,-0.0686597468732874,-0.00824879634816278,0.222193826414899,0.212757945270382
29,564,1,0,0,0.910010575868684,0.0432483213522631,0.36956727994114,-0.0686597468732874,-0.00824879634816278,0.271898928867916,0.294891748385755
29,565,1,0,0,0.899796163139051,0.0432483213522631,0.36956727994114,-0.0686597468732874,-0.00824879634816278,0.390386433741165,0.24984812774175
29,566,1,0,0,0.799323370220756,0.0432483213522631,0.36956727994114,-0.0686597468732874,-0.00824879634816278,0.276644204761008,0.18103673398827
29,567,1,0,0,0.89480060412209,0.0432483213522631,0.36956727994114,-0.0686597468732874,-0.00824879634816278,0.321933767894939,0.248944500124493
29,568,1,0,0,0.876663224255102,0.0432483213522631,0.36956727994114,-0.0686597468732874,-0.00824879634816278,0.343540824440203,0.209217517285116
29,569,1,0,0,0.811864213919791,0.0432483213522631,0.36956727994114,-0.0686597468732874,-0.00824879634816278,0.324857540038122,0.296452098690083
29,570,1,0,0,0.943062218823388,0.0432483213522631,0.36956727994114,-0.0686597468732874,-0.00824879634816278,0.333732128711165,0.23988940040157
29,571,1,0,0,0.894087085651773,0.0432483213522631,0.36956727994114,-0.0686597468732874,-0.00824879634816278,0.330940479653274,0.259768155501354
29,572,1,0,0,0.683340889701387,0.0432483213522631,0.36956727994114,-0.0686597468732874,-0.00824879634816278,0.286512068717773,0.262736923681325
29,573,1,0,0,0.759393711804865,0.0432483213522631,0.36956727994114,-0.0686597468732874,-0.00824879634816278,0.254319616283447,0.284019160812027
29,574,1,0,0,0.902804117539606,0.0432483213522631,0.36956727994114,-0.0686597468732874,-0.00824879634816278,0.290865300530584,0.100084322389201
29,575,1,0,0,0.620531142060392,0.0432483213522631,0.36956727994114,-0.0686597468732874,-0.00824879634816278,0.336683913283207,0.208539193867327
29,576,1,0,0,0.788683321656483,0.0432483213522631,0.36956727994114,-0.0686597468732874,-0.00824879634816278,0.359646858069541,0.248481049093054
29,577,1,0,0,0.780351805040068,0.0432483213522631,0.36956727994114,-0.0686597468732874,-0.00824879634816278,0.332501519465596,0.289101996678962
29,578,1,0,0,0.583147537454122,0.0432483213522631,0.36956727994114,-0.0686597468732874,-0.00824879634816278,0.33096696218826,0.271313773233358
29,579,1,0,0,0.756998347540491,0.0432483213522631,0.36956727994114,-0.0686597468732874,-0.00824879634816278,0.336253048403788,0.340970758805415
29,580,1,0,0,0.901512654039642,0.0432483213522631,0.36956727994114,-0.0686597468732874,-0.00824879634816278,0.340141089990425,0.258764093225744
30,581,0,0,1,0.794391946941684,0.0987593185734,0.391790515903821,-0.0474888625478856,0.00033317914499788,0.219973794208838,0.243600009392399
30,582,0,0,1,0.671841551956336,0.0987593185734,0.391790515903821,-0.0474888625478856,0.00033317914499788,0.338389267448512,0.244341393942794
30,583,0,0,1,0.731795852480528,0.0987593185734,0.391790515903821,-0.0474888625478856,0.00033317914499788,0.328139537738863,0.335065136990958
30,584,0,0,1,0.996535816292438,0.0987593185734,0.391790515903821,-0.0474888625478856,0.00033317914499788,0.270000184109394,0.245176085029472
30,585,0,0,1,0.940870011174188,0.0987593185734,0.391790515903821,-0.0474888625478856,0.00033317914499788,0.347269784105396,0.36133159554493
30,586,0,0,1,0.708247400489819,0.0987593185734,0.391790515903821,-0.0474888625478856,0.00033317914499788,0.232325000776212,0.283195592670457
30,587,0,0,1,0.825282635939374,0.0987593185734,0.391790515903821,-0.0474888625478856,0.00033317914499788,0.251505191029771,0.316777950827744
30,588,0,0,1,0.904860874753548,0.0987593185734,0.391790515903821,-0.0474888625478856,0.00033317914499788,0.334961338918713,0.379326728310887
30,589,0,0,1,0.89895253734606,0.0987593185734,0.391790515903821,-0.0474888625478856,0.00033317914499788,0.328614875088965,0.319786209692778
30,590,0,0,1,0.882045830842612,0.0987593185734,0.391790515903821,-0.0474888625478856,0.00033317914499788,0.233256906284222,0.321811934628244
30,591,0,0,1,0.793483309323099,0.0987593185734,0.391790515903821,-0.0474888625478856,0.00033317914499788,0.282314248579639,0.287255452477498
30,592,0,0,1,0.592843402668925,0.0987593185734,0.391790515903821,-0.0474888625478856,0.00033317914499788,0.357626978227485,0.263855183485644
30,593,0,0,1,0.965757929371958,0.0987593185734,0.391790515903821,-0.0474888625478856,0.00033317914499788,0.205524382289422,0.241253790332453
30,594,0,0,1,0.901834107506531,0.0987593185734,0.391790515903821,-0.0474888625478856,0.00033317914499788,0.304809105870703,0.312521381810273
30,595,0,0,1,0.788893420062113,0.0987593185734,0.391790515903821,-0.0474888625478856,0.00033317914499788,0.223973314715835,0.297623847495123
30,596,0,0,1,0.776995979671638,0.0987593185734,0.391790515903821,-0.0474888625478856,0.00033317914499788,0.293267750347453,0.349250760397235
30,597,0,0,1,0.775033961661778,0.0987593185734,0.391790515903821,-0.0474888625478856,0.00033317914499788,0.293082902238933,0.325179141680792
30,598,0,0,1,0.765146589473779,0.0987593185734,0.391790515903821,-0.0474888625478856,0.00033317914499788,0.266001322187284,0.370596024648349
30,599,0,0,1,0.91700845084859,0.0987593185734,0.391790515903821,-0.0474888625478856,0.00033317914499788,0.322005563046101,0.307695969394415
30,600,0,0,1,0.883605364377345,0.0987593185734,0.391790515903821,-0.0474888625478856,0.00033317914499788,0.282526951062116,0.309430348313042
31,601,0,1,0,0.823172407663331,0.167325677094871,0.353876563886621,-0.0194013646109713,-0.0147439450833342,0.594301554685496,0.405230931151382
31,602,0,1,0,0.936957299663288,0.167325677094871,0.353876563886621,-0.0194013646109713,-0.0147439450833342,0.610290156247091,0.294596846767135
31,603,0,1,0,0.7916381408412,0.167325677094871,0.353876563886621,-0.0194013646109713,-0.0147439450833342,0.654445876298147,0.229896273175845
31,604,0,1,0,0.744435811330259,0.167325677094871,0.353876563886621,-0.0194013646109713,-0.0147439450833342,0.611370691457462,0.250747009656879
31,605,0,1,0,0.573445790471432,0.167325677094871,0.353876563886621,-0.0194013646109713,-0.0147439450833342,0.6756622934404,0.297823392652555
31,606,0,1,0,0.823330267768071,0.167325677094871,0.353876563886621,-0.0194013646109713,-0.0147439450833342,0.62518481551689,0.354443748579405
31,607,0,1,0,0.868162278878481,0.167325677094871,0.353876563886621,-0.0194013646109713,-0.0147439450833342,0.632471144343351,0.354165554686416
31,608,0,1,0,0.764680102319666,0.167325677094871,0.353876563886621,-0.0194013646109713,-0.0147439450833342,0.572183854150302,0.317168224104943
31,609,0,1,0,0.869956568076459,0.167325677094871,0.353876563886621,-0.0194013646109713,-0.0147439450833342,0.651588916074451,0.367873223628236
31,610,0,1,0,0.86178337979597,0.167325677094871,0.353876563886621,-0.0194013646109713,-0.0147439450833342,0.602064836539627,0.269085037392193
31,611,0,1,0,0.692811061826291,0.167325677094871,0.353876563886621,-0.0194013646109713,-0.0147439450833342,0.607033318597765,0.314603965153625
31,612,0,1,0,0.934273391945254,0.167325677094871,0.353876563886621,-0.0194013646109713,-0.0147439450833342,0.547585875171168,0.301961378303835
31,613,0,1,0,0.947873104505905,0.167325677094871,0.353876563886621,-0.0194013646109713,-0.0147439450833342,0.632652212965862,0.280104299649505
31,614,0,1,0,0.779402747179314,0.167325677094871,0.353876563886621,-0.0194013646109713,-0.0147439450833342,0.638691311434957,0.190785340916948
31,615,0,1,0,0.857796780532382,0.167325677094871,0.353876563886621,-0.0194013646109713,-0.0147439450833342,0.681289613598175,0.23691191067722
31,616,0,1,0,0.838783122801858,0.167325677094871,0.353876563886621,-0.0194013646109713,-0.0147439450833342,0.622477478101817,0.309350604136859
31,617,0,1,0,0.905493105638131,0.167325677094871,0.353876563886621,-0.0194013646109713,-0.0147439450833342,0.589403886339251,0.370845581654139
31,618,0,1,0,0.692239056665746,0.167325677094871,0.353876563886621,-0.0194013646109713,-0.0147439450833342,0.686767787319884,0.333564750018685
31,619,0,1,0,0.841423116591752,0.167325677094871,0.353876563886621,-0.0194013646109713,-0.0147439450833342,0.617873894295227,0.330674114521738
31,620,0,1,0,0.848566199344228,0.167325677094871,0.353876563886621,-0.0194013646109713,-0.0147439450833342,0.587883452687591,0.33333134825694
32,621,0,0,1,0.764768916865905,0.127305817495882,0.332329634213925,-0.0529545220279927,0.0137513350837689,0.295821621008869,0.317821160075164
32,622,0,0,1,0.824777578977779,0.127305817495882,0.332329634213925,-0.0529545220279927,0.0137513350837689,0.310280814224735,0.334893585029152
32,623,0,0,1,0.563373229889553,0.127305817495882,0.332329634213925,-0.0529545220279927,0.0137513350837689,0.332452114777716,0.369094732852957
32,624,0,0,1,0.731355899023482,0.127305817495882,0.332329634213925,-0.0529545220279927,0.0137513350837689,0.218697617802048,0.250016232411237
32,625,0,0,1,0.910706440406592,0.127305817495882,0.332329634213925,-0.0529545220279927,0.0137513350837689,0.248903838794527,0.362990152247954
32,626,0,0,1,0.644542743549321,0.127305817495882,0.332329634213925,-0.0529545220279927,0.0137513350837689,0.425827201559334,0.304175753065467
32,627,0,0,1,0.984574372644245,0.127305817495882,0.332329634213925,-0.0529545220279927,0.0137513350837689,0.349828748376891,0.306676371976746
32,628,0,0,1,0.852874540357069,0.127305817495882,0.332329634213925,-0.0529545220279927,0.0137513350837689,0.284773686700044,0.304765315582212
32,629,0,0,1,0.826163788521122,0.127305817495882,0.332329634213925,-0.0529545220279927,0.0137513350837689,0.284316839434949,0.324238319864741
32,630,0,0,1,0.811345628905852,0.127305817495882,0.332329634213925,-0.0529545220279927,0.0137513350837689,0.266402306257675,0.383403124662943
32,631,0,0,1,0.749631481336223,0.127305817495882,0.332329634213925,-0.0529545220279927,0.0137513350837689,0.267336127946222,0.300905955025686
32,632,0,0,1,0.783062386925822,0.127305817495882,0.332329634213925,-0.0529545220279927,0.0137513350837689,0.312870998903441,0.347813999989846
32,633,0,0,1,0.826580791763318,0.127305817495882,0.332329634213925,-0.0529545220279927,0.0137513350837689,0.345167772930026,0.314010927924342
32,634,0,0,1,0.969867292128838,0.127305817495882,0.332329634213925,-0.0529545220279927,0.0137513350837689,0.258758122391995,0.325984511412665
32,635,0,0,1,0.765771846212796,0.127305817495882,0.332329634213925,-0.0529545220279927,0.0137513350837689,0.343733067921288,0.234579861276942
32,636,0,0,1,0.694384040295524,0.127305817495882,0.332329634213925,-0.0529545220279927,0.0137513350837689,0.17989836495283,0.260014910855023
32,637,0,0,1,0.875266210105542,0.127305817495882,0.332329634213925,-0.0529545220279927,0.0137513350837689,0.299199630451454,0.279680546988338
32,638,0,0,1,0.84948753200155,0.127305817495882,0.332329634213925,-0.0529545220279927,0.0137513350837689,0.256438455378074,0.260278583282641
32,639,0,0,1,0.863897128571987,0.127305817495882,0.332329634213925,-0.0529545220279927,0.0137513350837689,0.402381854348006,0.332366008493234
32,640,0,0,1,0.99495389820467,0.127305817495882,0.332329634213925,-0.0529545220279927,0.0137513350837689,0.353223518357662,0.282393711337385
33,641,1,0,0,0.808200052416984,0.225458044329911,0.38816272131576,-0.0432615521679126,-0.00331699995580012,0.4821024167572,0.307013959389914
33,642,1,0,0,0.901451802306981,0.225458044329911,0.38816272131576,-0.0432615521679126,-0.00331699995580012,0.516737492223917,0.24362446497868
33,643,1,0,0,0.811349399542055,0.225458044329911,0.38816272131576,-0.0432615521679126,-0.00331699995580012,0.553775459490445,0.302761170770365
33,644,1,0,0,0.857533660526562,0.225458044329911,0.38816272131576,-0.0432615521679126,-0.00331699995580012,0.535245560529569,0.241973850796347
33,645,1,0,0,0.603154774344989,0.225458044329911,0.38816272131576,-0.0432615521679126,-0.00331699995580012,0.494232102065429,0.215447163505558
33,646,1,0,0,0.806510078736632,0.225458044329911,0.38816272131576,-0.0432615521679126,-0.00331699995580012,0.470819385003674,0.288425706264055
33,647,1,0,0,0.920416608737342,0.225458044329911,0.38816272131576,-0.0432615521679126,-0.00331699995580012,0.552888351181778,0.11402853074461
33,648,1,0,0,0.861537758483309,0.225458044329911,0.38816272131576,-0.0432615521679126,-0.00331699995580012,0.523829445146055,0.320422153206268
33,649,1,0,0,0.77153279918825,0.225458044329911,0.38816272131576,-0.0432615521679126,-0.00331699995580012,0.47244855726232,0.253846497915057
33,650,1,0,0,0.990068338404069,0.225458044329911,0.38816272131576,-0.0432615521679126,-0.00331699995580012,0.559985782103029,0.309373727122903
33,651,1,0,0,0.985774634052962,0.225458044329911,0.38816272131576,-0.0432615521679126,-0.00331699995580012,0.460068893720862,0.263660915260623
33,652,1,0,0,0.862377474024824,0.225458044329911,0.38816272131576,-0.0432615521679126,-0.00331699995580012,0.446634586012448,0.286109445941116
33,653,1,0,0,0.867941568330482,0.225458044329911,0.38816272131576,-0.0432615521679126,-0.00331699995580012,0.486449410106821,0.211678641197881
33,654,1,0,0,0.658499433308724,0.225458044329911,0.38816272131576,-0.0432615521679126,-0.00331699995580012,0.593632912422268,0.283888682215435
33,655,1,0,0,0.74594531900419,0.225458044329911,0.38816272131576,-0.0432615521679126,-0.00331699995580012,0.523473565718012,0.177787617632511
33,656,1,0,0,0.693569796559942,0.225458044329911,0.38816272131576,-0.0432615521679126,-0.00331699995580012,0.525739022967723,0.22813008599428
33,657,1,0,0,0.787177880901513,0.225458044329911,0.38816272131576,-0.0432615521679126,-0.00331699995580012,0.511412959274648,0.216821830084212
33,658,1,0,0,0.849797007270914,0.225458044329911,0.38816272131576,-0.0432615521679126,-0.00331699995580012,0.539091461945523,0.29075741250035
33,659,1,0,0,0.866133664942698,0.225458044329911,0.38816272131576,-0.0432615521679126,-0.00331699995580012,0.479647819047374,0.251385914849247
33,660,1,0,0,0.72089086701388,0.225458044329911,0.38816272131576,-0.0432615521679126,-0.00331699995580012,0.455452705763279,0.281703133824431
34,661,0,1,0,0.902171241492308,0.129258908655416,0.343356526296271,-0.0592737977227693,-0.00449447665681997,0.552346929475573,0.387984681158559
34,662,0,1,0,0.97085296977439,0.129258908655416,0.343356526296271,-0.0592737977227693,-0.00449447665681997,0.610952110263955,0.314037512563219
34,663,0,1,0,0.906098087569194,0.129258908655416,0.343356526296271,-0.0592737977227693,-0.00449447665681997,0.604297561834549,0.404420330866158
34,664,0,1,0,0.534148329581721,0.129258908655416,0.343356526296271,-0.0592737977227693,-0.00449447665681997,0.55678902192906,0.349621445410081
34,665,0,1,0,0.66099132659604,0.129258908655416,0.343356526296271,-0.0592737977227693,-0.00449447665681997,0.664986225704184,0.297884941044032
34,666,0,1,0,0.83152111696412,0.129258908655416,0.343356526296271,-0.0592737977227693,-0.00449447665681997,0.631167163378222,0.348636709030317
34,667,0,1,0,0.842437455036418,0.129258908655416,0.343356526296271,-0.0592737977227693,-0.00449447665681997,0.582354343034342,0.315074721710138
34,668,0,1,0,0.750829251747174,0.129258908655416,0.343356526296271,-0.0592737977227693,-0.00449447665681997,0.689004106753222,0.313987758361043
34,669,0,1,0,0.702272048411609,0.129258908655416,0.343356526296271,-0.0592737977227693,-0.00449447665681997,0.681202838937165,0.281793990355862
34,670,0,1,0,0.718929213203624,0.129258908655416,0.343356526296271,-0.0592737977227693,-0.00449447665681997,0.671499522275566,0.376877742113319
34,671,0,1,0,0.803873302572255,0.129258908655416,0.343356526296271,-0.0592737977227693,-0.00449447665681997,0.649127157000167,0.210725067428057
34,672,0,1,0,0.895148582079355,0.129258908655416,0.343356526296271,-0.0592737977227693,-0.00449447665681997,0.695012428962979,0.421996085700592
34,673,0,1,0,0.71503281676088,0.129258908655416,0.343356526296271,-0.0592737977227693,-0.00449447665681997,0.660205544162296,0.351575272646244
34,674,0,1,0,0.794247073819894,0.129258908655416,0.343356526296271,-0.0592737977227693,-0.00449447665681997,0.62130969468519,0.373344752088426
34,675,0,1,0,0.75057954193848,0.129258908655416,0.343356526296271,-0.0592737977227693,-0.00449447665681997,0.668973858842887,0.359347454725828
34,676,0,1,0,0.865521529234504,0.129258908655416,0.343356526296271,-0.0592737977227693,-0.00449447665681997,0.685309988820433,0.342161349106598
34,677,0,1,0,0.881727054827928,0.129258908655416,0.343356526296271,-0.0592737977227693,-0.00449447665681997,0.63490679773106,0.321590302278983
34,678,0,1,0,0.765816140789982,0.129258908655416,0.343356526296271,-0.0592737977227693,-0.00449447665681997,0.640320471136812,0.296908376488247
34,679,0,1,0,0.922163511159441,0.129258908655416,0.343356526296271,-0.0592737977227693,-0.00449447665681997,0.713522002240749,0.344135107519676
34,680,0,1,0,0.727692882164324,0.129258908655416,0.343356526296271,-0.0592737977227693,-0.00449447665681997,0.591651288650066,0.370437173848155
35,681,0,0,1,0.890264246037951,0.101908182573576,0.300893952898294,-0.0532631927554905,0.0199395623252031,0.280921650731947,0.23697265987162
35,682,0,0,1,0.797064323182513,0.101908182573576,0.300893952898294,-0.0532631927554905,0.0199395623252031,0.31069607924829,0.250953138132288
35,683,0,0,1,0.799566918939656,0.101908182573576,0.300893952898294,-0.0532631927554905,0.0199395623252031,0.339599974381996,0.381130281951858
35,684,0,0,1,0.821305534731101,0.101908182573576,0.300893952898294,-0.0532631927554905,0.0199395623252031,0.255156187868645,0.325673637816068
35,685,0,0,1,0.631490849605683,0.101908182573576,0.300893952898294,-0.0532631927554905,0.0199395623252031,0.344089810960265,0.304251073939311
35,686,0,0,1,0.785910609128872,0.101908182573576,0.300893952898294,-0.0532631927554905,0.0199395623252031,0.343732591422357,0.333192277965653
35,687,0,0,1,0.74879507385771,0.101908182573576,0.300893952898294,-0.0532631927554905,0.0199395623252031,0.257714771456941,0.269912634015917
35,688,0,0,1,0.752720119185177,0.101908182573576,0.300893952898294,-0.0532631927554905,0.0199395623252031,0.289880891139997,0.346462757988215
35,689,0,0,1,0.851609850273587,0.101908182573576,0.300893952898294,-0.0532631927554905,0.0199395623252031,0.190337470612484,0.322254632184183
35,690,0,0,1,0.855123952206995,0.101908182573576,0.300893952898294,-0.0532631927554905,0.0199395623252031,0.331461084425345,0.310986658120948
35,691,0,0,1,0.976635699515943,0.101908182573576,0.300893952898294,-0.0532631927554905,0.0199395623252031,0.338732089713458,0.352910972715699
35,692,0,0,1,0.806004713138008,0.101908182573576,0.300893952898294,-0.0532631927554905,0.0199395623252031,0.297734616535267,0.310461380419006
35,693,0,0,1,0.902689777109725,0.101908182573576,0.300893952898294,-0.0532631927554905,0.0199395623252031,0.319375344174555,0.309750881792761
35,694,0,0,1,0.749050790381033,0.101908182573576,0.300893952898294,-0.0532631927554905,0.0199395623252031,0.26217263711831,0.255071383942715
35,695,0,0,1,0.654676746511863,0.101908182573576,0.300893952898294,-0.0532631927554905,0.0199395623252031,0.28908261197786,0.426625827547854
35,696,0,0,1,0.771421958701882,0.101908182573576,0.300893952898294,-0.0532631927554905,0.0199395623252031,0.280480622490093,0.334039254083535
35,697,0,0,1,0.968358779232037,0.101908182573576,0.300893952898294,-0.0532631927554905,0.0199395623252031,0.275978577723891,0.240412607097306
35,698,0,0,1,0.943733330384263,0.101908182573576,0.300893952898294,-0.0532631927554905,0.0199395623252031,0.3119329267254,0.312877973537171
35,699,0,0,1,0.894979642620394,0.101908182573576,0.300893952898294,-0.0532631927554905,0.0199395623252031,0.296688734492989,0.343564673772963
35,700,0,0,1,0.835166431675912,0.101908182573576,0.300893952898294,-0.0532631927554905,0.0199395623252031,0.384987072729229,0.350232583229305
36,701,0,0,1,0.797298554070086,0.118303682036695,0.409164713882817,-0.0860869281926883,-0.0242130565173207,0.213876574353796,0.313208090845704
36,702,0,0,1,0.604748181036573,0.118303682036695,0.409164713882817,-0.0860869281926883,-0.0242130565173207,0.315980695541613,0.332071847561817
36,703,0,0,1,0.854237635664418,0.118303682036695,0.409164713882817,-0.0860869281926883,-0.0242130565173207,0.261688089055549,0.256161065391787
36,704,0,0,1,0.832654744517597,0.118303682036695,0.409164713882817,-0.0860869281926883,-0.0242130565173207,0.288824668844594,0.290135560847878
36,705,0,0,1,0.754023533643131,0.118303682036695,0.409164713882817,-0.0860869281926883,-0.0242130565173207,0.255916602935854,0.298853859097338
36,706,0,0,1,0.812335675284714,0.118303682036695,0.409164713882817,-0.0860869281926883,-0.0242130565173207,0.251337825343847,0.223150322707314
36,707,0,0,1,0.901727707889126,0.118303682036695,0.409164713882817,-0.0860869281926883,-0.0242130565173207,0.28581877072077,0.300875936482261
36,708,0,0,1,0.760568881919986,0.118303682036695,0.409164713882817,-0.0860869281926883,-0.0242130565173207,0.223501566033111,0.335932077314342
36,709,0,0,1,0.837000429042601,0.118303682036695,0.409164713882817,-0.0860869281926883,-0.0242130565173207,0.262355860063738,0.265540030517319
36,710,0,0,1,0.743622738837052,0.118303682036695,0.409164713882817,-0.0860869281926883,-0.0242130565173207,0.335192873730292,0.322740697539649
36,711,0,0,1,0.677610936763308,0.118303682036695,0.409164713882817,-0.0860869281926883,-0.0242130565173207,0.282809182334901,0.375195288402202
36,712,0,0,1,0.726623940006341,0.118303682036695,0.409164713882817,-0.0860869281926883,-0.0242130565173207,0.31726287501483,0.340659883438912
36,713,0,0,1,0.986417452991575,0.118303682036695,0.409164713882817,-0.0860869281926883,-0.0242130565173207,0.395543958529497,0.245398903577072
36,714,0,0,1,0.931451148790225,0.118303682036695,0.409164713882817,-0.0860869281926883,-0.0242130565173207,0.231716767372481,0.225816386728208
36,715,0,0,1,0.925240805959563,0.118303682036695,0.409164713882817,-0.0860869281926883,-0.0242130565173207,0.267322766113027,0.324741923333883
36,716,0,0,1,0.869310666896102,0.118303682036695,0.409164713882817,-0.0860869281926883,-0.0242130565173207,0.339974957637357,0.362727528891973
36,717,0,0,1,0.709940582469325,0.118303682036695,0.409164713882817,-0.0860869281926883,-0.0242130565173207,0.240918122611866,0.320579385225852
36,718,0,0,1,0.882417473509519,0.118303682036695,0.409164713882817,-0.0860869281926883,-0.0242130565173207,0.257220414101189,0.375773760577038
36,719,0,0,1,0.736041871995749,0.118303682036695,0.409164713882817,-0.0860869281926883,-0.0242130565173207,0.209289636832805,0.34158978453646
36,720,0,0,1,0.758166035639414,0.118303682036695,0.409164713882817,-0.0860869281926883,-0.0242130565173207,0.272435273086017,0.280921879877366
37,721,0,1,0,0.903933585648062,0.133741846505345,0.310140801481486,-0.008718866705661,0.000257448031839109,0.588220739730764,0.370086389374316
37,722,0,1,0,0.873627158556838,0.133741846505345,0.310140801481486,-0.008718866705661,0.000257448031839109,0.536850072378387,0.339837977408312
37,723,0,1,0,0.758500139413693,0.133741846505345,0.310140801481486,-0.008718866705661,0.000257448031839109,0.571825834273917,0.320944300586417
37,724,0,1,0,0.867125668794833,0.133741846505345,0.310140801481486,-0.008718866705661,0.000257448031839109,0.675558926833054,0.259409897768161
37,725,0,1,0,0.934525711032249,0.133741846505345,0.310140801481486,-0.008718866705661,0.000257448031839109,0.583506141930788,0.385436295273391
37,726,0,1,0,0.927218900222037,0.133741846505345,0.310140801481486,-0.008718866705661,0.000257448031839109,0.606367250171893,0.335993676140654
37,727,0,1,0,0.725003797322336,0.133741846505345,0.310140801481486,-0.008718866705661,0.000257448031839109,0.633910602522881,0.323756167067905
37,728,0,1,0,0.764471093992251,0.133741846505345,0.310140801481486,-0.008718866705661,0.000257448031839109,0.537910719639252,0.332029959837655
37,729,0,1,0,0.899169333259628,0.133741846505345,0.310140801481486,-0.008718866705661,0.000257448031839109,0.531362890835725,0.258301178887073
37,730,0,1,0,0.851407474656493,0.133741846505345,0.310140801481486,-0.008718866705661,0.000257448031839109,0.631213927613034,0.337473721228635
37,731,0,1,0,0.755715066640452,0.133741846505345,0.310140801481486,-0.008718866705661,0.000257448031839109,0.54886121099537,0.38298089412208
37,732,0,1,0,0.875986833828366,0.133741846505345,0.310140801481486,-0.008718866705661,0.000257448031839109,0.627232140383355,0.248942637321484
37,733,0,1,0,0.709517391989823,0.133741846505345,0.310140801481486,-0.008718866705661,0.000257448031839109,0.641310421135663,0.292894206205516
37,734,0,1,0,0.769961124651917,0.133741846505345,0.310140801481486,-0.008718866705661,0.000257448031839109,0.551779639781762,0.306394513640455
37,735,0,1,0,0.783271520228705,0.133741846505345,0.310140801481486,-0.008718866705661,0.000257448031839109,0.636967903859048,0.37986687050884
37,736,0,1,0,0.846910405115369,0.133741846505345,0.310140801481486,-0.008718866705661,0.000257448031839109,0.600502207165312,0.344172127324954
37,737,0,1,0,0.687408475972435,0.133741846505345,0.310140801481486,-0.008718866705661,0.000257448031839109,0.622697176064784,0.282657875962722
37,738,0,1,0,0.659468821776977,0.133741846505345,0.310140801481486,-0.008718866705661,0.000257448031839109,0.586321384493591,0.325134165679105
37,739,0,1,0,0.861156058577825,0.133741846505345,0.310140801481486,-0.008718866705661,0.000257448031839109,0.552971647387559,0.320775618606604
37,740,0,1,0,0.838280990253677,0.133741846505345,0.310140801481486,-0.008718866705661,0.000257448031839109,0.626934057991943,0.274825134443114
38,741,1,0,0,0.973669993606655,0.0788080971536129,0.347625672985831,-0.056231094722474,-0.0349576986793087,0.308880772417477,0.243270597933356
38,742,1,0,0,0.707751714698743,0.0788080971536129,0.347625672985831,-0.056231094722474,-0.0349576986793087,0.268937288004447,0.264228161474762
38,743,1,0,0,0.851787897630992,0.0788080971536129,0.347625672985831,-0.056231094722474,-0.0349576986793087,0.300888633090851,0.333080117112348
38,744,1,0,0,0.821782150922839,0.0788080971536129,0.347625672985831,-0.056231094722474,-0.0349576986793087,0.343128463484096,0.246297799656242
38,745,1,0,0,0.553432114193832,0.0788080971536129,0.347625672985831,-0.056231094722474,-0.0349576986793087,0.431274730618347,0.270605855497806
38,746,1,0,0,0.656169903195056,0.0788080971536129,0.347625672985831,-0.056231094722474,-0.0349576986793087,0.39382770156939,0.287783619113198
38,747,1,0,0,0.761210751324608,0.0788080971536129,0.347625672985831,-0.056231094722474,-0.0349576986793087,0.374288609693333,0.237916417041209
38,748,1,0,0,0.810755555906793,0.0788080971536129,0.347625672985831,-0.056231094722474,-0.0349576986793087,0.327653419633952,0.234373516391885
38,749,1,0,0,0.838563376237972,0.0788080971536129,0.347625672985831,-0.056231094722474,-0.0349576986793087,0.385356970196499,0.301624453359056
38,750,1,0,0,0.798117341918948,0.0788080971536129,0.347625672985831,-0.056231094722474,-0.0349576986793087,0.424044388210283,0.192579279794086
38,751,1,0,0,0.957257332186483,0.0788080971536129,0.347625672985831,-0.056231094722474,-0.0349576986793087,0.418002137750868,0.169659422616274
38,752,1,0,0,0.867603977607065,0.0788080971536129,0.347625672985831,-0.056231094722474,-0.0349576986793087,0.298465214411288,0.191050239652978
38,753,1,0,0,0.811586457683839,0.0788080971536129,0.347625672985831,-0.056231094722474,-0.0349576986793087,0.408368743009786,0.361138335260892
38,754,1,0,0,0.804655468553537,0.0788080971536129,0.347625672985831,-0.056231094722474,-0.0349576986793087,0.465522413033043,0.248622628813113
38,755,1,0,0,0.793465457109633,0.0788080971536129,0.347625672985831,-0.056231094722474,-0.0349576986793087,0.343218123428379,0.265387366617097
38,756,1,0,0,0.732583178286698,0.0788080971536129,0.347625672985831,-0.056231094722474,-0.0349576986793087,0.306769406305112,0.3253738205501
38,757,1,0,0,0.924865983687494,0.0788080971536129,0.347625672985831,-0.056231094722474,-0.0349576986793087,0.377031481103413,0.257563195051424
38,758,1,0,0,0.704305107329397,0.0788080971536129,0.347625672985831,-0.056231094722474,-0.0349576986793087,0.382271706109343,0.278401905278153
38,759,1,0,0,0.732804892788974,0.0788080971536129,0.347625672985831,-0.056231094722474,-0.0349576986793087,0.379451819574314,0.379691654228169
38,760,1,0,0,0.69941571751122,0.0788080971536129,0.347625672985831,-0.056231094722474,-0.0349576986793087,0.246542123404916,0.320765878671448
39,761,0,1,0,0.856515770258321,0.154561313129804,0.437027372097635,-0.0306780478798123,-0.0127912023602259,0.694534414830765,0.367926978398357
39,762,0,1,0,0.667299831974981,0.154561313129804,0.437027372097635,-0.0306780478798123,-0.0127912023602259,0.749154873535323,0.304263360163473
39,763,0,1,0,0.953572582306413,0.154561313129804,0.437027372097635,-0.0306780478798123,-0.0127912023602259,0.712327354612694,0.31882576823526
39,764,0,1,0,0.709313681421925,0.154561313129804,0.437027372097635,-0.0306780478798123,-0.0127912023602259,0.672215261025578,0.249734398478219
39,765,0,1,0,0.757772620846447,0.154561313129804,0.437027372097635,-0.0306780478798123,-0.0127912023602259,0.727276147708116,0.334722199514919
39,766,0,1,0,0.827181479178747,0.154561313129804,0.437027372097635,-0.0306780478798123,-0.0127912023602259,0.814877127216856,0.304012009653488
39,767,0,1,0,0.711829622465425,0.154561313129804,0.437027372097635,-0.0306780478798123,-0.0127912023602259,0.728161465219835,0.267627778107879
39,768,0,1,0,0.65507358855011,0.154561313129804,0.437027372097635,-0.0306780478798123,-0.0127912023602259,0.752041569980528,0.295455834134802
39,769,0,1,0,0.773391911696,0.154561313129804,0.437027372097635,-0.0306780478798123,-0.0127912023602259,0.700470615553548,0.313734131534887
39,770,0,1,0,0.70769807709926,0.154561313129804,0.437027372097635,-0.0306780478798123,-0.0127912023602259,0.755496691045219,0.354454270637889
39,771,0,1,0,0.751293786898334,0.154561313129804,0.437027372097635,-0.0306780478798123,-0.0127912023602259,0.673794085508735,0.366874878494237
39,772,0,1,0,0.929338302410042,0.154561313129804,0.437027372097635,-0.0306780478798123,-0.0127912023602259,0.741448205873578,0.405802450121507
39,773,0,1,0,0.653136284655568,0.154561313129804,0.437027372097635,-0.0306780478798123,-0.0127912023602259,0.721128042150424,0.292728512758538
39,774,0,1,0,0.818259490198449,0.154561313129804,0.437027372097635,-0.0306780478798123,-0.0127912023602259,0.740671740804033,0.344470671841475
39,775,0,1,0,0.688037227276518,0.154561313129804,0.437027372097635,-0.0306780478798123,-0.0127912023602259,0.756333001880669,0.259036133125365
39,776,0,1,0,0.844580127951887,0.154561313129804,0.437027372097635,-0.0306780478798123,-0.0127912023602259,0.77047950442868,0.354379478104178
39,777,0,1,0,0.878504699138083,0.154561313129804,0.437027372097635,-0.0306780478798123,-0.0127912023602259,0.699106141957174,0.308704029030687
39,778,0,1,0,0.794107959236212,0.154561313129804,0.437027372097635,-0.0306780478798123,-0.0127912023602259,0.693175501673534,0.224729216756331
39,779,0,1,0,0.811390912683885,0.154561313129804,0.437027372097635,-0.0306780478798123,-0.0127912023602259,0.631865433628714,0.322162490769863
39,780,0,1,0,0.801928205581468,0.154561313129804,0.437027372097635,-0.0306780478798123,-0.0127912023602259,0.770539048248973,0.330700094806128
40,781,1,0,0,0.929377093283399,0.0354968626634434,0.389451784046756,-0.0650712609240519,0.0022470353094217,0.37177318977083,0.317762629551132
40,782,1,0,0,0.845974292773973,0.0354968626634434,0.389451784046756,-0.0650712609240519,0.0022470353094217,0.301794091824187,0.242128211104727
40,783,1,0,0,0.761627657301772,0.0354968626634434,0.389451784046756,-0.0650712609240519,0.0022470353094217,0.277836522144042,0.271292594124672
40,784,1,0,0,0.853803660465151,0.0354968626634434,0.389451784046756,-0.0650712609240519,0.0022470353094217,0.299845496593714,0.194983907288385
40,785,1,0,0,0.833072667387131,0.0354968626634434,0.389451784046756,-0.0650712609240519,0.0022470353094217,0.361999321432792,0.218428874450334
40,786,1,0,0,0.699447826379136,0.0354968626634434,0.389451784046756,-0.0650712609240519,0.0022470353094217,0.268276463625235,0.225075862586737
40,787,1,0,0,0.681330338063859,0.0354968626634434,0.389451784046756,-0.0650712609240519,0.0022470353094217,0.374872062278235,0.303510657944793
40,788,1,0,0,0.768697511808587,0.0354968626634434,0.389451784046756,-0.0650712609240519,0.0022470353094217,0.407643589951699,0.232991038043532
40,789,1,0,0,0.559597663885411,0.0354968626634434,0.389451784046756,-0.0650712609240519,0.0022470353094217,0.249165743965599,0.288966737498981
40,790,1,0,0,0.796222328782012,0.0354968626634434,0.389451784046756,-0.0650712609240519,0.0022470353094217,0.263386750845969,0.211251144811472
40,791,1,0,0,0.757473010571981,0.0354968626634434,0.389451784046756,-0.0650712609240519,0.0022470353094217,0.379087286843828,0.316927854488255
40,792,1,0,0,0.930348655209533,0.0354968626634434,0.389451784046756,-0.0650712609240519,0.0022470353094217,0.317703041937721,0.246047027826311
40,793,1,0,0,0.702619247534935,0.0354968626634434,0.389451784046756,-0.0650712609240519,0.0022470353094217,0.335684842224794,0.3047144625496
40,794,1,0,0,0.771177463781831,0.0354968626634434,0.389451784046756,-0.0650712609240519,0.0022470353094217,0.349128468051606,0.277863106071968
40,795,1,0,0,0.751355456855638,0.0354968626634434,0.389451784046756,-0.0650712609240519,0.0022470353094217,0.354812097151916,0.293112125397514
40,796,1,0,0,0.908986013899289,0.0354968626634434,0.389451784046756,-0.0650712609240519,0.0022470353094217,0.357579209559465,0.168450426576501
40,797,1,0,0,0.889132978363518,0.0354968626634434,0.389451784046756,-0.0650712609240519,0.0022470353094217,0.302611705016056,0.306973021552505
40,798,1,0,0,0.796755388053756,0.0354968626634434,0.389451784046756,-0.0650712609240519,0.0022470353094217,0.352158455827863,0.254637197984666
40,799,1,0,0,0.908144104371332,0.0354968626634434,0.389451784046756,-0.0650712609240519,0.0022470353094217,0.303658656325173,0.33918362125803
40,800,1,0,0,0.644286855797829,0.0354968626634434,0.389451784046756,-0.0650712609240519,0.0022470353094217,0.275504096353692,0.268636319451261
41,801,1,0,0,0.936416133066934,0.113922296653194,0.385429722897664,-0.061524757786406,-0.012054974339415,0.411532963078026,0.0823105865736915
41,802,1,0,0,0.796074753413503,0.113922296653194,0.385429722897664,-0.061524757786406,-0.012054974339415,0.460078108715404,0.323777538291501
41,803,1,0,0,0.865302928382317,0.113922296653194,0.385429722897664,-0.061524757786406,-0.012054974339415,0.320890805406355,0.221019284769142
41,804,1,0,0,0.814901073205517,0.113922296653194,0.385429722897664,-0.061524757786406,-0.012054974339415,0.382565202813235,0.275171759344927
41,805,1,0,0,0.833023795918173,0.113922296653194,0.385429722897664,-0.061524757786406,-0.012054974339415,0.365756882304099,0.221533151429363
41,806,1,0,0,0.798983418612694,0.113922296653194,0.385429722897664,-0.061524757786406,-0.012054974339415,0.436619782057222,0.262208441234726
41,807,1,0,0,0.80486851853997,0.113922296653194,0.385429722897664,-0.061524757786406,-0.012054974339415,0.387966946582928,0.186898828941584
41,808,1,0,0,0.796809404786871,0.113922296653194,0.385429722897664,-0.061524757786406,-0.012054974339415,0.438365984870361,0.201327799243543
41,809,1,0,0,0.846580823208453,0.113922296653194,0.385429722897664,-0.061524757786406,-0.012054974339415,0.420772246836651,0.262156903700601
41,810,1,0,0,0.772960431999274,0.113922296653194,0.385429722897664,-0.061524757786406,-0.012054974339415,0.432096174658924,0.28589540475999
41,811,1,0,0,0.829663962725447,0.113922296653194,0.385429722897664,-0.061524757786406,-0.012054974339415,0.397329348300846,0.232719378639507
41,812,1,0,0,0.987514347180342,0.113922296653194,0.385429722897664,-0.061524757786406,-0.012054974339415,0.408136241147612,0.186330178054077
41,813,1,0,0,0.736359419306814,0.113922296653194,0.385429722897664,-0.061524757786406,-0.012054974339415,0.367250485287899,0.267867183700079
41,814,1,0,0,0.82797867808681,0.113922296653194,0.385429722897664,-0.061524757786406,-0.012054974339415,0.434426096706131,0.243892873917012
41,815,1,0,0,0.61842963237531,0.113922296653194,0.385429722897664,-0.061524757786406,-0.012054974339415,0.445256547738156,0.283896402934112
41,816,1,0,0,0.680626336564699,0.113922296653194,0.385429722897664,-0.061524757786406,-0.012054974339415,0.388208949163631,0.349570257139667
41,817,1,0,0,0.849305057911987,0.113922296653194,0.385429722897664,-0.061524757786406,-0.012054974339415,0.412916212985434,0.279718085103894
41,818,1,0,0,0.855139193134546,0.113922296653194,0.385429722897664,-0.061524757786406,-0.012054974339415,0.485386105367202,0.282756762530814
41,819,1,0,0,0.76253573479514,0.113922296653194,0.385429722897664,-0.061524757786406,-0.012054974339415,0.318001920562261,0.350842848675449
41,820,1,0,0,0.916815948812222,0.113922296653194,0.385429722897664,-0.061524757786406,-0.012054974339415,0.38115952153696,0.30503605770932
42,821,0,1,0,0.759387583967005,0.1193516612925,0.371283487091872,-0.0668154295869036,-0.0250528431671574,0.66733447362149,0.281520502820056
42,822,0,1,0,0.780747052101747,0.1193516612925,0.371283487091872,-0.0668154295869036,-0.0250528431671574,0.68533597472159,0.234912501746458
42,823,0,1,0,0.955146178669037,0.1193516612925,0.371283487091872,-0.0668154295869036,-0.0250528431671574,0.666858533211667,0.304754899164089
42,824,0,1,0,0.758375841164585,0.1193516612925,0.371283487091872,-0.0668154295869036,-0.0250528431671574,0.620514485165013,0.27530241822772
42,825,0,1,0,0.652254617593755,0.1193516612925,0.371283487091872,-0.0668154295869036,-0.0250528431671574,0.657381936738278,0.276944462428314
42,826,0,1,0,0.847658316773301,0.1193516612925,0.371283487091872,-0.0668154295869036,-0.0250528431671574,0.676611950740678,0.288455499948556
42,827,0,1,0,0.95591764476406,0.1193516612925,0.371283487091872,-0.0668154295869036,-0.0250528431671574,0.643144704724548,0.31460124100302
42,828,0,1,0,0.701695365021445,0.1193516612925,0.371283487091872,-0.0668154295869036,-0.0250528431671574,0.719765043065845,0.320331022973502
42,829,0,1,0,0.881045016822545,0.1193516612925,0.371283487091872,-0.0668154295869036,-0.0250528431671574,0.674041641858438,0.241217495297765
42,830,0,1,0,0.69749750963668,0.1193516612925,0.371283487091872,-0.0668154295869036,-0.0250528431671574,0.721953364468259,0.40064787189761
42,831,0,1,0,0.77180959472216,0.1193516612925,0.371283487091872,-0.0668154295869036,-0.0250528431671574,0.643337079096645,0.291291616448491
42,832,0,1,0,0.906651306591111,0.1193516612925,0.371283487091872,-0.0668154295869036,-0.0250528431671574,0.715827221000257,0.35888676660385
42,833,0,1,0,0.751331694696435,0.1193516612925,0.371283487091872,-0.0668154295869036,-0.0250528431671574,0.686009816848729,0.3463863622421
42,834,0,1,0,0.749266235635247,0.1193516612925,0.371283487091872,-0.0668154295869036,-0.0250528431671574,0.615357429984975,0.287927752357931
42,835,0,1,0,0.890953245925015,0.1193516612925,0.371283487091872,-0.0668154295869036,-0.0250528431671574,0.632040980926589,0.163573074004415
42,836,0,1,0,0.839334104907996,0.1193516612925,0.371283487091872,-0.0668154295869036,-0.0250528431671574,0.716117221733903,0.228000490277266
42,837,0,1,0,0.854653318318433,0.1193516612925,0.371283487091872,-0.0668154295869036,-0.0250528431671574,0.62945063340564,0.310768502498072
42,838,0,1,0,0.779138931494085,0.1193516612925,0.371283487091872,-0.0668154295869036,-0.0250528431671574,0.62519178909969,0.256614320758402
42,839,0,1,0,0.644500042073223,0.1193516612925,0.371283487091872,-0.0668154295869036,-0.0250528431671574,0.704786422954958,0.263932009913976
42,840,0,1,0,0.683572762790632,0.1193516612925,0.371283487091872,-0.0668154295869036,-0.0250528431671574,0.548270607073283,0.305987317791606
43,841,0,0,1,0.846360955865803,0.142153238416178,0.397413913538552,-0.0565129249591656,-0.0235981120647917,0.342841893002724,0.348446798989132
43,842,0,0,1,0.844475007419543,0.142153238416178,0.397413913538552,-0.0565129249591656,-0.0235981120647917,0.280412182724257,0.351782382491065
43,843,0,0,1,0.591270665892609,0.142153238416178,0.397413913538552,-0.0565129249591656,-0.0235981120647917,0.231468498040385,0.372949848457899
43,844,0,0,1,0.612928586718421,0.142153238416178,0.397413913538552,-0.0565129249591656,-0.0235981120647917,0.233039718114002,0.31854636804397
43,845,0,0,1,0.808783865822028,0.142153238416178,0.397413913538552,-0.0565129249591656,-0.0235981120647917,0.245411511666006,0.254715538016023
43,846,0,0,1,0.819626052137751,0.142153238416178,0.397413913538552,-0.0565129249591656,-0.0235981120647917,0.312187527391149,0.253707302580221
43,847,0,0,1,0.772735909390335,0.142153238416178,0.397413913538552,-0.0565129249591656,-0.0235981120647917,0.275448711367512,0.41082659193334
43,848,0,0,1,0.831956585169507,0.142153238416178,0.397413913538552,-0.0565129249591656,-0.0235981120647917,0.338071067066109,0.388360853774408
43,849,0,0,1,0.943405031094425,0.142153238416178,0.397413913538552,-0.0565129249591656,-0.0235981120647917,0.247190785614502,0.327375714133495
43,850,0,0,1,0.672283854980144,0.142153238416178,0.397413913538552,-0.0565129249591656,-0.0235981120647917,0.327569409988106,0.28670794872172
43,851,0,0,1,0.832513785208127,0.142153238416178,0.397413913538552,-0.0565129249591656,-0.0235981120647917,0.223207719077367,0.280208372938543
43,852,0,0,1,0.780328695630245,0.142153238416178,0.397413913538552,-0.0565129249591656,-0.0235981120647917,0.431820156134035,0.241861270834149
43,853,0,0,1,0.703883543648816,0.142153238416178,0.397413913538552,-0.0565129249591656,-0.0235981120647917,0.233894658107799,0.279920791755848
43,854,0,0,1,0.968974408094806,0.142153238416178,0.397413913538552,-0.0565129249591656,-0.0235981120647917,0.376915547285536,0.347660217769002
43,855,0,0,1,0.94200498805917,0.142153238416178,0.397413913538552,-0.0565129249591656,-0.0235981120647917,0.308248497179137,0.343890262991278
43,856,0,0,1,0.696306729805574,0.142153238416178,0.397413913538552,-0.0565129249591656,-0.0235981120647917,0.307395276736942,0.464189876069928
43,857,0,0,1,0.881144074331717,0.142153238416178,0.397413913538552,-0.0565129249591656,-0.0235981120647917,0.332411979060285,0.337046579961723
43,858,0,0,1,0.805360726265162,0.142153238416178,0.397413913538552,-0.0565129249591656,-0.0235981120647917,0.28526641243119,0.315828461576736
43,859,0,0,1,0.689109287675817,0.142153238416178,0.397413913538552,-0.0565129249591656,-0.0235981120647917,0.260545334171295,0.413180500864963
43,860,0,0,1,0.682717113851782,0.142153238416178,0.397413913538552,-0.0565129249591656,-0.0235981120647917,0.293479280824827,0.391898358292064
44,861,1,0,0,0.921714545044593,0.146854118369894,0.324864277285846,-0.0428894208144263,0.0102981626291549,0.378458530117241,0.210838979238407
44,862,1,0,0,0.594302774919227,0.146854118369894,0.324864277285846,-0.0428894208144263,0.0102981626291549,0.397519257729755,0.279095781763458
44,863,1,0,0,0.846333799771652,0.146854118369894,0.324864277285846,-0.0428894208144263,0.0102981626291549,0.381781779021803,0.153477769306999
44,864,1,0,0,0.725779437810546,0.146854118369894,0.324864277285846,-0.0428894208144263,0.0102981626291549,0.350093563291265,0.305989361935531
44,865,1,0,0,0.911648424251159,0.146854118369894,0.324864277285846,-0.0428894208144263,0.0102981626291549,0.346298600140575,0.239428559329284
44,866,1,0,0,0.853144385893448,0.146854118369894,0.324864277285846,-0.0428894208144263,0.0102981626291549,0.41078395193417,0.258711749024473
44,867,1,0,0,0.824349044946794,0.146854118369894,0.324864277285846,-0.0428894208144263,0.0102981626291549,0.426944817638047,0.270031746485244
44,868,1,0,0,0.662783487706076,0.146854118369894,0.324864277285846,-0.0428894208144263,0.0102981626291549,0.52365739658269,0.225130871950697
44,869,1,0,0,0.888435183467221,0.146854118369894,0.324864277285846,-0.0428894208144263,0.0102981626291549,0.434514724661647,0.289974435417248
44,870,1,0,0,0.767158613991725,0.146854118369894,0.324864277285846,-0.0428894208144263,0.0102981626291549,0.526437505648393,0.375400137635315
44,871,1,0,0,0.784475167101484,0.146854118369894,0.324864277285846,-0.0428894208144263,0.0102981626291549,0.388640348877794,0.310834436531744
44,872,1,0,0,0.637359778274171,0.146854118369894,0.324864277285846,-0.0428894208144263,0.0102981626291549,0.503999743370211,0.309459396593215
44,873,1,0,0,0.874544630482062,0.146854118369894,0.324864277285846,-0.0428894208144263,0.0102981626291549,0.470780600145332,0.255069531079451
44,874,1,0,0,0.776264753258978,0.146854118369894,0.324864277285846,-0.0428894208144263,0.0102981626291549,0.394133938663563,0.203124228816184
44,875,1,0,0,0.96154115184517,0.146854118369894,0.324864277285846,-0.0428894208144263,0.0102981626291549,0.406726622308113,0.304560416025022
44,876,1,0,0,0.93759706609732,0.146854118369894,0.324864277285846,-0.0428894208144263,0.0102981626291549,0.502960785849738,0.289753040077856
44,877,1,0,0,0.904546029950315,0.146854118369894,0.324864277285846,-0.0428894208144263,0.0102981626291549,0.40854000985972,0.246787090860166
44,878,1,0,0,0.835213455847518,0.146854118369894,0.324864277285846,-0.0428894208144263,0.0102981626291549,0.408220612088016,0.25303092946446
44,879,1,0,0,0.810096295618863,0.146854118369894,0.324864277285846,-0.0428894208144263,0.0102981626291549,0.31375364810797,0.237589443182572
44,880,1,0,0,0.874153800417833,0.146854118369894,0.324864277285846,-0.0428894208144263,0.0102981626291549,0.388766363873884,0.383289663117915
45,881,1,0,0,0.924964142503666,0.144387725115504,0.351169927494595,-0.0963260815916434,-0.0313016870184975,0.331384205698008,0.192633863897121
45,882,1,0,0,0.823410937983728,0.144387725115504,0.351169927494595,-0.0963260815916434,-0.0313016870184975,0.451772777557757,0.210673930940369
45,883,1,0,0,0.860457795783051,0.144387725115504,0.351169927494595,-0.0963260815916434,-0.0313016870184975,0.508142962413182,0.206992341654225
45,884,1,0,0,0.694840452198804,0.144387725115504,0.351169927494595,-0.0963260815916434,-0.0313016870184975,0.494650616263692,0.194279448718456
45,885,1,0,0,0.812419112150177,0.144387725115504,0.351169927494595,-0.0963260815916434,-0.0313016870184975,0.399893573408196,0.217185129570058
45,886,1,0,0,0.670944008076938,0.144387725115504,0.351169927494595,-0.0963260815916434,-0.0313016870184975,0.43773886618523,0.20706820718898
45,887,1,0,0,0.810030670199701,0.144387725115504,0.351169927494595,-0.0963260815916434,-0.0313016870184975,0.490599193592883,0.139173118899242
45,888,1,0,0,0.813128903074279,0.144387725115504,0.351169927494595,-0.0963260815916434,-0.0313016870184975,0.427121443280802,0.237078266104113
45,889,1,0,0,0.791233822285773,0.144387725115504,0.351169927494595,-0.0963260815916434,-0.0313016870184975,0.418696419923124,0.191927751482622
45,890,1,0,0,0.696356908256081,0.144387725115504,0.351169927494595,-0.0963260815916434,-0.0313016870184975,0.40467385375545,0.269451283954721
45,891,1,0,0,0.779236540273184,0.144387725115504,0.351169927494595,-0.0963260815916434,-0.0313016870184975,0.470924336531353,0.296179291393312
45,892,1,0,0,0.650361036882972,0.144387725115504,0.351169927494595,-0.0963260815916434,-0.0313016870184975,0.390835454911706,0.240808064544716
45,893,1,0,0,0.895724005241325,0.144387725115504,0.351169927494595,-0.0963260815916434,-0.0313016870184975,0.450807060174451,0.249672504411167
45,894,1,0,0,0.666687889627215,0.144387725115504,0.351169927494595,-0.0963260815916434,-0.0313016870184975,0.454713300805382,0.234740567194574
45,895,1,0,0,0.926517893155487,0.144387725115504,0.351169927494595,-0.0963260815916434,-0.0313016870184975,0.494827627067568,0.150310015490782
45,896,1,0,0,0.852368728300319,0.144387725115504,0.351169927494595,-0.0963260815916434,-0.0313016870184975,0.371255285401756,0.281578614104378
45,897,1,0,0,0.792205363350885,0.144387725115504,0.351169927494595,-0.0963260815916434,-0.0313016870184975,0.393595445945017,0.275196144691545
45,898,1,0,0,0.942507749166178,0.144387725115504,0.351169927494595,-0.0963260815916434,-0.0313016870184975,0.44871799837953,0.15643198911566
45,899,1,0,0,0.615947945020594,0.144387725115504,0.351169927494595,-0.0963260815916434,-0.0313016870184975,0.455357472964775,0.159274453186367
45,900,1,0,0,0.992685450517314,0.144387725115504,0.351169927494595,-0.0963260815916434,-0.0313016870184975,0.413048488557015,0.12170257939983
46,901,1,0,0,0.821919812123442,0.107577251053331,0.347996523437051,-0.0634328335041271,0.000811861887353489,0.507172733180182,0.373279768645103
46,902,1,0,0,0.657285881958913,0.107577251053331,0.347996523437051,-0.0634328335041271,0.000811861887353489,0.391786563041446,0.309100544198144
46,903,1,0,0,0.951304737532563,0.107577251053331,0.347996523437051,-0.0634328335041271,0.000811861887353489,0.328867865105073,0.185239499067125
46,904,1,0,0,0.750518677402817,0.107577251053331,0.347996523437051,-0.0634328335041271,0.000811861887353489,0.438031222653722,0.247712067573864
46,905,1,0,0,0.936999570764474,0.107577251053331,0.347996523437051,-0.0634328335041271,0.000811861887353489,0.395905569162175,0.305542622798589
46,906,1,0,0,0.651485436977837,0.107577251053331,0.347996523437051,-0.0634328335041271,0.000811861887353489,0.344247537522346,0.217711851143623
46,907,1,0,0,0.848546520249478,0.107577251053331,0.347996523437051,-0.0634328335041271,0.000811861887353489,0.369037125084898,0.246242386801063
46,908,1,0,0,0.70198373164312,0.107577251053331,0.347996523437051,-0.0634328335041271,0.000811861887353489,0.405726356752988,0.202498130546955
46,909,1,0,0,0.675578948175355,0.107577251053331,0.347996523437051,-0.0634328335041271,0.000811861887353489,0.368732855256754,0.291215734330987
46,910,1,0,0,0.755202137755186,0.107577251053331,0.347996523437051,-0.0634328335041271,0.000811861887353489,0.301441957236176,0.164309950819555
46,911,1,0,0,0.716276830333203,0.107577251053331,0.347996523437051,-0.0634328335041271,0.000811861887353489,0.354480567839307,0.219365555660532
46,912,1,0,0,0.626724399841385,0.107577251053331,0.347996523437051,-0.0634328335041271,0.000811861887353489,0.359119561193773,0.269451415562467
46,913,1,0,0,0.83254763019634,0.107577251053331,0.347996523437051,-0.0634328335041271,0.000811861887353489,0.398523421510264,0.0801457343769613
46,914,1,0,0,0.797850483306458,0.107577251053331,0.347996523437051,-0.0634328335041271,0.000811861887353489,0.355311721118095,0.339131030462085
46,915,1,0,0,0.909314228493339,0.107577251053331,0.347996523437051,-0.0634328335041271,0.000811861887353489,0.434467633612338,0.274875893857679
46,916,1,0,0,0.916293842095175,0.107577251053331,0.347996523437051,-0.0634328335041271,0.000811861887353489,0.305783130954353,0.263024782757743
46,917,1,0,0,0.932422551942476,0.107577251053331,0.347996523437051,-0.0634328335041271,0.000811861887353489,0.407613899640564,0.223087961310163
46,918,1,0,0,0.890643422082335,0.107577251053331,0.347996523437051,-0.0634328335041271,0.000811861887353489,0.436434858598993,0.157883628374451
46,919,1,0,0,0.755826494697893,0.107577251053331,0.347996523437051,-0.0634328335041271,0.000811861887353489,0.413229028058016,0.184068333048009
46,920,1,0,0,0.664025261090281,0.107577251053331,0.347996523437051,-0.0634328335041271,0.000811861887353489,0.316788395542011,0.29564968080885
47,921,0,1,0,0.91042242029528,0.137916585824624,0.350995608605134,-0.0316977856124431,-0.00497534267749257,0.66264893129861,0.215941114436747
47,922,0,1,0,0.624541959994595,0.137916585824624,0.350995608605134,-0.0316977856124431,-0.00497534267749257,0.610335273105043,0.3360612274976
47,923,0,1,0,0.831332618960274,0.137916585824624,0.350995608605134,-0.0316977856124431,-0.00497534267749257,0.529746984821765,0.359510680132319
47,924,0,1,0,0.855779910533902,0.137916585824624,0.350995608605134,-0.0316977856124431,-0.00497534267749257,0.626327365420316,0.337161976737751
47,925,0,1,0,0.77187416257304,0.137916585824624,0.350995608605134,-0.0316977856124431,-0.00497534267749257,0.667623031800671,0.215326543335729
47,926,0,1,0,0.882777069328599,0.137916585824624,0.350995608605134,-0.0316977856124431,-0.00497534267749257,0.595768096469527,0.332170170581705
47,927,0,1,0,0.960396472305968,0.137916585824624,0.350995608605134,-0.0316977856124431,-0.00497534267749257,0.546428070592872,0.30794314622502
47,928,0,1,0,0.613849323099593,0.137916585824624,0.350995608605134,-0.0316977856124431,-0.00497534267749257,0.681731793979918,0.319532577348916
47,929,0,1,0,0.973002304134522,0.137916585824624,0.350995608605134,-0.0316977856124431,-0.00497534267749257,0.648425082228198,0.296071599500291
47,930,0,1,0,0.787012419807958,0.137916585824624,0.350995608605134,-0.0316977856124431,-0.00497534267749257,0.660060322891544,0.313753697449021
47,931,0,1,0,0.772736727603597,0.137916585824624,0.350995608605134,-0.0316977856124431,-0.00497534267749257,0.656814047192918,0.341450933663976
47,932,0,1,0,0.556324240334744,0.137916585824624,0.350995608605134,-0.0316977856124431,-0.00497534267749257,0.6946219250197,0.246033672870998
47,933,0,1,0,0.938853558734055,0.137916585824624,0.350995608605134,-0.0316977856124431,-0.00497534267749257,0.691387145420228,0.330615904339648
47,934,0,1,0,0.726055259435505,0.137916585824624,0.350995608605134,-0.0316977856124431,-0.00497534267749257,0.690831545138315,0.354162424776431
47,935,0,1,0,0.839077932439904,0.137916585824624,0.350995608605134,-0.0316977856124431,-0.00497534267749257,0.627031500177455,0.347316100756723
47,936,0,1,0,0.774097979195276,0.137916585824624,0.350995608605134,-0.0316977856124431,-0.00497534267749257,0.68365604848379,0.306479225015409
47,937,0,1,0,0.809732466164727,0.137916585824624,0.350995608605134,-0.0316977856124431,-0.00497534267749257,0.624541558409513,0.208071975287191
47,938,0,1,0,0.79311892221549,0.137916585824624,0.350995608605134,-0.0316977856124431,-0.00497534267749257,0.742553600494946,0.372742078620969
47,939,0,1,0,0.801741691234136,0.137916585824624,0.350995608605134,-0.0316977856124431,-0.00497534267749257,0.670651031708567,0.346071095311039
47,940,0,1,0,0.72110119196619,0.137916585824624,0.350995608605134,-0.0316977856124431,-0.00497534267749257,0.707565516260908,0.423697708567256
48,941,0,0,1,0.856791285686832,0.155884769291584,0.393535448419056,-0.0301933984203695,0.0150979059239894,0.230527483667275,0.372084447722892
48,942,0,0,1,0.550705258350403,0.155884769291584,0.393535448419056,-0.0301933984203695,0.0150979059239894,0.278962228916821,0.282780843728237
48,943,0,0,1,0.71773473044978,0.155884769291584,0.393535448419056,-0.0301933984203695,0.0150979059239894,0.282560358420694,0.360332414037906
48,944,0,0,1,0.898144952802304,0.155884769291584,0.393535448419056,-0.0301933984203695,0.0150979059239894,0.218419386017772,0.349085636858738
48,945,0,0,1,0.910032631743912,0.155884769291584,0.393535448419056,-0.0301933984203695,0.0150979059239894,0.244632743831096,0.330579665083236
48,946,0,0,1,0.885216843906366,0.155884769291584,0.393535448419056,-0.0301933984203695,0.0150979059239894,0.278550628666829,0.365136999542594
48,947,0,0,1,0.764843333115185,0.155884769291584,0.393535448419056,-0.0301933984203695,0.0150979059239894,0.311182784870783,0.337851794847314
48,948,0,0,1,0.85272402953494,0.155884769291584,0.393535448419056,-0.0301933984203695,0.0150979059239894,0.366187997730411,0.358362101342129
48,949,0,0,1,0.7927279077042,0.155884769291584,0.393535448419056,-0.0301933984203695,0.0150979059239894,0.229129223546032,0.31806483384823
48,950,0,0,1,0.86887658754826,0.155884769291584,0.393535448419056,-0.0301933984203695,0.0150979059239894,0.320062467529744,0.34676898492382
48,951,0,0,1,0.793484980004213,0.155884769291584,0.393535448419056,-0.0301933984203695,0.0150979059239894,0.365562181456588,0.347992311005486
48,952,0,0,1,0.851738892109346,0.155884769291584,0.393535448419056,-0.0301933984203695,0.0150979059239894,0.246646530964653,0.336650760751992
48,953,0,0,1,0.857777584046771,0.155884769291584,0.393535448419056,-0.0301933984203695,0.0150979059239894,0.200699519583509,0.335778694826794
48,954,0,0,1,0.864060268641934,0.155884769291584,0.393535448419056,-0.0301933984203695,0.0150979059239894,0.2372162432289,0.321336226788866
48,955,0,0,1,0.829355681135843,0.155884769291584,0.393535448419056,-0.0301933984203695,0.0150979059239894,0.247458412429786,0.305103078868078
48,956,0,0,1,0.742909957107355,0.155884769291584,0.393535448419056,-0.0301933984203695,0.0150979059239894,0.331679219445057,0.381153618872098
48,957,0,0,1,0.86274046508253,0.155884769291584,0.393535448419056,-0.0301933984203695,0.0150979059239894,0.341778715308971,0.277676032606836
48,958,0,0,1,0.964363713175172,0.155884769291584,0.393535448419056,-0.0301933984203695,0.0150979059239894,0.348694794562875,0.363025644498345
48,959,0,0,1,0.811424907244035,0.155884769291584,0.393535448419056,-0.0301933984203695,0.0150979059239894,0.354004141722517,0.364565980722296
48,960,0,0,1,0.88497153661111,0.155884769291584,0.393535448419056,-0.0301933984203695,0.0150979059239894,0.357208990041449,0.364000640084559
49,961,0,0,1,0.92534545236918,0.106653441601564,0.374911387630191,-0.0465925417331937,-0.0124653997485043,0.322569920987756,0.34276237936444
49,962,0,0,1,0.839427544993913,0.106653441601564,0.374911387630191,-0.0465925417331937,-0.0124653997485043,0.298538040518175,0.339493368631978
49,963,0,0,1,0.671792375853005,0.106653441601564,0.374911387630191,-0.0465925417331937,-0.0124653997485043,0.302632892847724,0.291524010722308
49,964,0,0,1,0.938318465428856,0.106653441601564,0.374911387630191,-0.0465925417331937,-0.0124653997485043,0.299834602985804,0.412662919825903
49,965,0,0,1,0.769817012429334,0.106653441601564,0.374911387630191,-0.0465925417331937,-0.0124653997485043,0.255399548084137,0.385386521507275
49,966,0,0,1,0.745041094648469,0.106653441601564,0.374911387630191,-0.0465925417331937,-0.0124653997485043,0.256423896722215,0.308039757576937
49,967,0,0,1,0.81310569983502,0.106653441601564,0.374911387630191,-0.0465925417331937,-0.0124653997485043,0.282878023167854,0.343210449180678
49,968,0,0,1,0.798968054863265,0.106653441601564,0.374911387630191,-0.0465925417331937,-0.0124653997485043,0.215661915680854,0.390146817985735
49,969,0,0,1,0.7948160383538,0.106653441601564,0.374911387630191,-0.0465925417331937,-0.0124653997485043,0.338210889792583,0.270605618671843
49,970,0,0,1,0.834586554782538,0.106653441601564,0.374911387630191,-0.0465925417331937,-0.0124653997485043,0.279456676795527,0.366715150396162
49,971,0,0,1,0.862829979995226,0.106653441601564,0.374911387630191,-0.0465925417331937,-0.0124653997485043,0.275216415952415,0.307304822068236
49,972,0,0,1,0.803367948437715,0.106653441601564,0.374911387630191,-0.0465925417331937,-0.0124653997485043,0.196827482857678,0.22457902839497
49,973,0,0,1,0.872778512403177,0.106653441601564,0.374911387630191,-0.0465925417331937,-0.0124653997485043,0.215580975919653,0.300674897387035
49,974,0,0,1,0.759250428500709,0.106653441601564,0.374911387630191,-0.0465925417331937,-0.0124653997485043,0.275994241660249,0.253443738678255
49,975,0,0,1,0.75989183144059,0.106653441601564,0.374911387630191,-0.0465925417331937,-0.0124653997485043,0.238727725893509,0.250758369975361
49,976,0,0,1,0.908812348452648,0.106653441601564,0.374911387630191,-0.0465925417331937,-0.0124653997485043,0.231196899778611,0.304404402128403
49,977,0,0,1,0.821352748207038,0.106653441601564,0.374911387630191,-0.0465925417331937,-0.0124653997485043,0.278426526197259,0.264065642013461
49,978,0,0,1,0.914647105028844,0.106653441601564,0.374911387630191,-0.0465925417331937,-0.0124653997485043,0.218235961609476,0.313659364605086
49,979,0,0,1,0.629288810804326,0.106653441601564,0.374911387630191,-0.0465925417331937,-0.0124653997485043,0.313321513499685,0.289421987880335
49,980,0,0,1,0.740967937350993,0.106653441601564,0.374911387630191,-0.0465925417331937,-0.0124653997485043,0.429795713619895,0.287089168774678
50,981,0,0,1,0.768699127991328,0.133574254926507,0.317496123572377,-0.0583830492377896,-0.00843602510596823,0.230745056796187,0.386680860734305
50,982,0,0,1,0.587702841147163,0.133574254926507,0.317496123572377,-0.0583830492377896,-0.00843602510596823,0.290551601385589,0.263940483426734
50,983,0,0,1,0.947212772238452,0.133574254926507,0.317496123572377,-0.0583830492377896,-0.00843602510596823,0.32097198139352,0.27699489461927
50,984,0,0,1,0.839953309329778,0.133574254926507,0.317496123572377,-0.0583830492377896,-0.00843602510596823,0.262590238170624,0.282772600575319
50,985,0,0,1,0.787415704799459,0.133574254926507,0.317496123572377,-0.0583830492377896,-0.00843602510596823,0.285154200684884,0.306284350368807
50,986,0,0,1,0.708591953883653,0.133574254926507,0.317496123572377,-0.0583830492377896,-0.00843602510596823,0.278284102870853,0.242432542827836
50,987,0,0,1,0.729906163506776,0.133574254926507,0.317496123572377,-0.0583830492377896,-0.00843602510596823,0.345157199904988,0.20080873924429
50,988,0,0,1,0.749187317156876,0.133574254926507,0.317496123572377,-0.0583830492377896,-0.00843602510596823,0.266601581665751,0.37828291070068
50,989,0,0,1,0.871493911232312,0.133574254926507,0.317496123572377,-0.0583830492377896,-0.00843602510596823,0.270354237558339,0.274033443534567
50,990,0,0,1,0.755830765422987,0.133574254926507,0.317496123572377,-0.0583830492377896,-0.00843602510596823,0.346382177035681,0.285089363803381
50,991,0,0,1,0.728113523316149,0.133574254926507,0.317496123572377,-0.0583830492377896,-0.00843602510596823,0.27584476018384,0.245287897844078
50,992,0,0,1,0.961831051644147,0.133574254926507,0.317496123572377,-0.0583830492377896,-0.00843602510596823,0.191482675553008,0.305208136830841
50,993,0,0,1,0.686352606015467,0.133574254926507,0.317496123572377,-0.0583830492377896,-0.00843602510596823,0.303527923439454,0.242692883377808
50,994,0,0,1,0.817773909598825,0.133574254926507,0.317496123572377,-0.0583830492377896,-0.00843602510596823,0.311744046759834,0.369557168838658
50,995,0,0,1,0.929559341561354,0.133574254926507,0.317496123572377,-0.0583830492377896,-0.00843602510596823,0.325451341839336,0.192808251152022
50,996,0,0,1,0.540414440316552,0.133574254926507,0.317496123572377,-0.0583830492377896,-0.00843602510596823,0.360140497863721,0.231655707685231
50,997,0,0,1,0.829260580038328,0.133574254926507,0.317496123572377,-0.0583830492377896,-0.00843602510596823,0.357140700866955,0.281312873756022
50,998,0,0,1,0.696882052312626,0.133574254926507,0.317496123572377,-0.0583830492377896,-0.00843602510596823,0.318516354707758,0.256045348759264
50,999,0,0,1,0.980945695956867,0.133574254926507,0.317496123572377,-0.0583830492377896,-0.00843602510596823,0.327802469902311,0.286016922895531
50,1000,0,0,1,0.7560887831017,0.133574254926507,0.317496123572377,-0.0583830492377896,-0.00843602510596823,0.311437712056787,0.218855979327508
